DatePosted,Title,Seller Type,Price,Car Make,Car Model,Car Variant,Condition,Year Manufactured,Transmission,Engine Capacity,Body Type,Location,Warranty,Mileage,Colour Type,Colour,text
8/25/2023,4K MILEAGE 2022 Toyota Harrier 2.0 Z JBL 4CAM BSM DIM SPECIAL OFFER UNREG,Dealer,229000,Toyota,Harrier,2.0 Z,Recond,2022,Automatic,2.0L,SUV,Kuala Lumpur,5 Years Warranty,"0 - 4,999 km",Metallic,Black,"4K MILEAGE 2022 Toyota Harrier 2.0 Z JBL 4CAM BSM DIM SPECIAL OFFER UNREG  2022 TOYOTA HARRIER 2.0 Z Ã¢Â€Â‹  Ã¢Â€Â‹  * RM 229,000 after SST *offer*Ã¢Â€Â‹  * RM 229,000 after SST *offer*Ã¢Â€Â‹  Ã¢Â€Â‹  * FREE 5 YEARS WARRANTY (OPEN SERVICE)  * FREE 1ST SERVICE  * FREE POLISH AND WAX  * FREE TOUCH UP  * ACCIDENT FREE  * NO HIDDEN CHARGES  Ã¢Â€Â‹  * UNREGISTEREDÃ¢Â€Â‹  * LOCAL APÃ¢Â€Â‹  * JAPAN SPECÃ¢Â€Â‹  * 2.0 DYNAMIC FORCE ENGINEÃ¢Â€Â‹  * NON TURBOCHARGEDÃ¢Â€Â‹  * BLACK INTERIORÃ¢Â€Â‹  * SEMI LEATHER SEATSÃ¢Â€Â‹  * FRONT ELECTRONIC SEATSÃ¢Â€Â‹  * REAR AIR-CONDÃ¢Â€Â‹  * POWER BOOTÃ¢Â€Â‹  * JBL SOUND SYSTEMÃ¢Â€Â‹  * JBL MAKER TOUCHSCREENÃ¢Â€Â‹  * SURROUND CAMERA (360 VIEW)  * DIGITAL INNER MIRROR (D.I.M)Ã¢Â€Â‹  * PROJECTOR DUAL LED HEADLAMPÃ¢Â€Â‹  * HEAD UP DISPLAYÃ¢Â€Â‹ (HUD)  * BLIND SPOT ASSISTÃ¢Â€Â‹ (BSM)  * PRE-CRASH SYSTEMÃ¢Â€Â‹ (PCS)  * LANE KEEP ASSISTÃ¢Â€Â‹ (LKA)  * KEYLESS ENTRYÃ¢Â€Â‹  * PUSH STARTÃ¢Â€Â‹  * ELECTRONIC PARKING BRAKEÃ¢Â€Â‹  * MULTIFUNCTION STEERINGÃ¢Â€Â‹  * 19"" ALLOY WHEELÃ¢Â€Â‹  * ORIGINAL MILEAGE Ã¢Â€Â‹  Ã¢Â€Â‹  * RM 229,000 after SST *offer*Ã¢Â€Â‹  * RM 229,000 after SST *offer*Ã¢Â€Â‹  Ã¢Â€Â‹  PLS CALL - 017-225 3605 RAYÃ¢Â€Â‹  PLS CALL - 017-225 3605 RAYÃ¢Â€Â‹  Ã¢Â€Â‹  APPRECIATE & THANKS FOR VIEWING :)"
8/24/2023,BEST Deal 2018 Toyota Estima 2.4 Aeras Premium Grey COLOR Alpine Roof Monitor UNREG,Dealer,175000,Toyota,Estima,2.4 Aeras Premium,Recond,2018,Automatic,2.4L,MPV,Kuala Lumpur,5 Years Warranty,"65,000 - 69,999 km",Metallic,Grey / Silver,"BEST Deal 2018 Toyota Estima 2.4 Aeras Premium Grey COLOR Alpine Roof Monitor UNREG  2018 TOYOTA ESTIMA 2.4 AERAS PREMIUM  Ã¢Â€Â‹  * RM 175,000 after SST *offer*  * RM 175,000 after SST *offer*  Ã¢Â€Â‹  * FREE 5 YEARS WARRANTY (OPEN SERVICE)  * FREE 1ST SERVICE  * FREE POLISH AND WAX  * FREE TOUCH UP  * ACCIDENT FREE  * NO HIDDEN CHARGES  Ã¢Â€Â‹  * UNREGISTERED  * LOCAL AP  * 2.4 AERAS PREMIUM  * 7 SEATER  * 2 POWER DOOR  * BLACK INTERIOR  * SEMI LEATHER SEATS  * DRIVER ELECTRONIC SEAT  * ALPINE TOUCHSCREEN  * ALPINE ROOF MONITOR  * REVERSE CAMERA  * MULTIFUNCTION STEERING  * LANE KEEP ASSIST (LKA)  * PRE-CRASH SYSTEM (PCS)  * KEYLESS ENTRY  * PUSH START  * 18"" ALLOY WHEEL  * ORIGINAL MILEAGE  Ã¢Â€Â‹  * RM 175,000 after SST *offer*  * RM 175,000 after SST *offer*  Ã¢Â€Â‹  PLS CALL - 017 225 3605 RAY  PLS CALL - 017 225 3605 RAY  Ã¢Â€Â‹  APPRECIATE & THANKS FOR VIEWING :)"
8/24/2023,Cheapest Deal 2019 Toyota Vellfire 2.5 ZG Offer 2 LED UNREG 23k Mileage ONLY,Dealer,233000,Toyota,Vellfire,ZG,Recond,2019,Automatic,2.5L,MPV,Kuala Lumpur,5 Years Warranty,"20,000 - 24,999 km",Metallic,Black,"Cheapest Deal 2019 Toyota Vellfire 2.5 ZG Offer 2 LED UNREG 23k Mileage ONLY  2019 TOYOTA VELLFIRE 2.5 ZG  * RM 233,000 after SST *offer*  * RM 233,000 after SST *offer*  * FREE 5 YEARS WARRANTY (OPEN SERVICE)  * FREE 1ST SERVICE  * FREE POLISH AND WAX  * FREE TOUCH UP  * ACCIDENT FREE  * NO HIDDEN CHARGES  * UNREGISTERED  * LOCAL AP  * 7 SEATER  * 2 POWER DOOR  * POWER BOOT  * PILOT SEATS  * ELECTRONIC MEMORY SEATS  * FULL LEATHER SEATS  * BLACK INTERIOR  * TOUCHSCREEN  * REVERSE CAMERA  * AUTO-CRUISE CONTROL  * MULTIFUNCTION STEERING  * 2 LED HEADLAMP  * PRE-CRASH SYSTEM (PCS)  * LANE KEEP ASSIST (LKA)  * KEYLESS ENTRY  * PUSH START  * 18"" ALLOY WHEEL  * ORIGINAL MILEAGE  * RM 233,000 after SST *offer*  * RM 233,000 after SST *offer*  CALL - 017-225 3605 RAY  CALL - 017-225 3605 RAY  APPRECIATE & THANKS FOR VIEWING :)"
8/24/2023,Super Deal Offer 2018 Toyota Vellfire 2.5 ZG 2 LED LAST UNIT UNREG,Dealer,216000,Toyota,Vellfire,ZG,Recond,2018,Automatic,2.5L,MPV,Kuala Lumpur,5 Years Warranty,"70,000 - 74,999 km",Metallic,White,"Super Deal Offer 2018 Toyota Vellfire 2.5 ZG 2 LED LAST UNIT UNREG  2018 TOYOTA VELLFIRE 2.5 ZG  * RM 216,000 after SST *offer*  * RM 216,000 after SST *offer*  * FREE 5 YEARS WARRANTY (OPEN SERVICE)  * FREE 1ST SERVICE  * FREE POLISH AND WAX  * FREE TOUCH UP  * ACCIDENT FREE  * NO HIDDEN CHARGES  * UNREGISTERED  * LOCAL AP  * 7 SEATER  * 2 POWER DOOR  * POWER BOOT  * PILOT SEATS  * ELECTRONIC MEMORY SEATS  * FULL LEATHER SEATS  * BLACK INTERIOR  * ALPINE ROOF MONITOR  * ALPINE TOUCHSCREEN  * REVERSE CAMERA  * AUTO-CRUISE CONTROL  * MULTIFUNCTION STEERING  * 2 LED HEADLAMP  * PRE-CRASH SYSTEM (PCS)  * LANE KEEP ASSIST (LKA)  * KEYLESS ENTRY  * PUSH START  * 18"" ALLOY WHEEL  * ORIGINAL MILEAGE  * RM 216,000 after SST *offer*  * RM 216,000 after SST *offer*  CALL - 017-225 3605 RAY  CALL - 017-225 3605 RAY  APPRECIATE & THANKS FOR VIEWING :)"
8/24/2023,CHEAPEST 2018 Nissan Elgrand 2.5 Highway Star 250 S CHEAPEST OFFER UNREG,Dealer,148000,Nissan,Elgrand,2.5 Highway Star,Recond,2018,Automatic,2.5L,MPV,Kuala Lumpur,5 Years Warranty,"65,000 - 69,999 km",Metallic,Black,"CHEAPEST 2018 Nissan Elgrand 2.5 Highway Star 250 S CHEAPEST OFFER UNREG  2018 NISSAN ELGRAND 250 HIGHWAY STAR S  Ã¢Â€Â‹  * RM 148,000 after SST *offer*Ã¢Â€Â‹  * RM 148,000 after SST *offer*Ã¢Â€Â‹  Ã¢Â€Â‹  * FREE 5 YEARS WARRANTY (OPEN SERVICE)  * FREE 1ST SERVICE  * FREE POLISH AND WAX  * FREE TOUCH UP  * ACCIDENT FREE  * NO HIDDEN CHARGES  Ã¢Â€Â‹  * UNREGISTEREDÃ¢Â€Â‹  * LOCAL APÃ¢Â€Â‹  * JAPAN SPEC  * 7 SEATERÃ¢Â€Â‹  * 2 POWER DOORÃ¢Â€Â‹  * BLACK INTERIORÃ¢Â€Â‹  * SEMI LEATHER SEATS  * TOUCHSCREEN  * SURROUND CAMERA (360 VIEW)  * ROOF MONITOR  * MULTIFUNCTION STEERINGÃ¢Â€Â‹  * AUTO CRUISE CONTROLÃ¢Â€Â‹  * KEYLESS ENTRYÃ¢Â€Â‹  * PUSH STARTÃ¢Â€Â‹  * 18"" ALLOY WHEELÃ¢Â€Â‹  * ORIGINAL MILEAGEÃ¢Â€Â‹  Ã¢Â€Â‹  * RM 148,000 after SST *offer*Ã¢Â€Â‹  * RM 148,000 after SST *offer*Ã¢Â€Â‹  Ã¢Â€Â‹  CALL - 017-225 3605 RAYÃ¢Â€Â‹  CALL - 017-225 3605 RAYÃ¢Â€Â‹  Ã¢Â€Â‹  APPRECIATE & THANKS FOR VIEWING :)"
8/24/2023,Honda CITY 1.5 i-VtecÃƒÂ‚Ã‚Â® EAZY FULLOAN FAST STOK,Dealer,85900,Honda,City,1.5 i-VTEC,New,2023,Automatic,1.5L,Sedan,Kuala Lumpur,5 Years Warranty,,,,"Honda CITY 1.5 i-VtecÃƒÂ‚Ã‚Â® EAZY FULLOAN FAST STOK  ÃƒÂ¢Ã‚ÂÃ‚Â—ÃƒÂ¯Ã‚Â¸Ã‚ÂÃƒÂ¢Ã‚ÂÃ‚Â—ÃƒÂ¯Ã‚Â¸Ã‚ÂÃƒÂ¢Ã‚ÂÃ‚Â—ÃƒÂ¯Ã‚Â¸Ã‚ÂÃƒÂ¢Ã‚ÂÃ‚Â—ÃƒÂ¯Ã‚Â¸Ã‚ÂÃƒÂ¢Ã‚ÂÃ‚Â—ÃƒÂ¯Ã‚Â¸Ã‚ÂÃƒÂ¢Ã‚ÂÃ‚Â—ÃƒÂ¯Ã‚Â¸Ã‚ÂÃƒÂ¢Ã‚ÂÃ‚Â—ÃƒÂ¯Ã‚Â¸Ã‚ÂÃƒÂ¢Ã‚ÂÃ‚Â—ÃƒÂ¯Ã‚Â¸Ã‚ÂÃƒÂ¢Ã‚ÂÃ‚Â—ÃƒÂ¯Ã‚Â¸Ã‚ÂÃƒÂ¢Ã‚ÂÃ‚Â—ÃƒÂ¯Ã‚Â¸Ã‚ÂÃƒÂ¢Ã‚ÂÃ‚Â—ÃƒÂ¯Ã‚Â¸Ã‚ÂÃƒÂ¢Ã‚ÂÃ‚Â—ÃƒÂ¯Ã‚Â¸Ã‚ÂÃƒÂ¢Ã‚ÂÃ‚Â—ÃƒÂ¯Ã‚Â¸Ã‚ÂÃƒÂ¢Ã‚ÂÃ‚Â—ÃƒÂ¯Ã‚Â¸Ã‚ÂÃƒÂ¢Ã‚ÂÃ‚Â—ÃƒÂ¯Ã‚Â¸Ã‚Â  REBATE   Free GIFTS   READY STOCK ÃƒÂ°Ã‚ÂŸÃ‚Â˜Ã‚Â² ÃƒÂ°Ã‚ÂŸÃ‚Â˜Ã‚Â² ÃƒÂ°Ã‚ÂŸÃ‚Â˜Ã‚Â²  Greetings, we're ÃƒÂ°Ã‚ÂŸÃ‚ÂŽÃ‚Â—ÃƒÂ¯Ã‚Â¸Ã‚Â Honda Platinum Dealer ÃƒÂ°Ã‚ÂŸÃ‚ÂŽÃ‚Â—ÃƒÂ¯Ã‚Â¸Ã‚Â with:  ÃƒÂ°Ã‚ÂŸÃ‚Â“Ã‚Â Strong bank connection ÃƒÂ°Ã‚ÂŸÃ‚ÂÃ‚Â¦  ÃƒÂ°Ã‚ÂŸÃ‚Â“Ã‚Â Full Loan ÃƒÂ°Ã‚ÂŸÃ‚Â’Ã‚Â¯  ÃƒÂ°Ã‚ÂŸÃ‚Â“Ã‚Â Zero DP ÃƒÂ°Ã‚ÂŸÃ‚Â’Ã‚Â¯  ÃƒÂ°Ã‚ÂŸÃ‚Â“Ã‚Â Low Financing Rate ÃƒÂ°Ã‚ÂŸÃ‚Â”Ã‚Â½  ÃƒÂ°Ã‚ÂŸÃ‚Â“Ã‚Â Ready stocks on all models ÃƒÂ°Ã‚ÂŸÃ‚ÂšÃ‚Â—  ÃƒÂ°Ã‚ÂŸÃ‚Â“Ã‚Â Exellence Service ÃƒÂ°Ã‚ÂŸÃ‚Â‘Ã‚Â  ÃƒÂ°Ã‚ÂŸÃ‚Â“Ã‚Â Free Honda Merchandise X10 ÃƒÂ°Ã‚ÂŸÃ‚ÂŽÃ‚ÂÃƒÂ°Ã‚ÂŸÃ‚ÂŽÃ‚ÂÃƒÂ°Ã‚ÂŸÃ‚ÂŽÃ‚ÂÃƒÂ°Ã‚ÂŸÃ‚ÂŽÃ‚ÂÃƒÂ°Ã‚ÂŸÃ‚ÂŽÃ‚Â  ÃƒÂ°Ã‚ÂŸÃ‚Â“Ã‚Â Additional Cash Rebates ÃƒÂ°Ã‚ÂŸÃ‚Â’Ã‚Âµ  ÃƒÂ°Ã‚ÂŸÃ‚Â“Ã‚Â Best Trade In Value ÃƒÂ°Ã‚ÂŸÃ‚Â’Ã‚Âµ  ÃƒÂ°Ã‚ÂŸÃ‚Â“Ã‚Â Honda Insurance Package ÃƒÂ°Ã‚ÂŸÃ‚Â“Ã‚Âœ  ÃƒÂ°Ã‚ÂŸÃ‚Â“Ã‚Â Free service up to 6 times ÃƒÂ°Ã‚ÂŸÃ‚Â”Ã‚Â§  Whatapps SEKARANG : ÃƒÂ°Ã‚ÂŸÃ‚Â“Ã‚Âž 016 - 231 2775  Whatapps SEKARANG : ÃƒÂ°Ã‚ÂŸÃ‚Â“Ã‚Âž 016 - 231 2775  Syarat- syarat kelayakan:  ÃƒÂ°Ã‚ÂŸÃ‚Â‘Ã‚Â‰ Gaji minimum RM 3,000.00  ÃƒÂ°Ã‚ÂŸÃ‚Â‘Ã‚Â‰ Jika gaji kurang RM3,000.00 dapatkan guarantor  ÃƒÂ°Ã‚ÂŸÃ‚Â‘Ã‚Â‰ Syarat guarantor parents, pasangan berkahwin, tunang, gf / bf, atau mak cik.  ÃƒÂ°Ã‚ÂŸÃ‚Â‘Ã‚Â‰ Ptptn ccris layak memohon  ÃƒÂ°Ã‚ÂŸÃ‚Â‘Ã‚Â‰ Tiada lesen layak memohon  ÃƒÂ°Ã‚ÂŸÃ‚Â‘Ã‚Â‰ 1 hari bekerja layak momohon utk graduan  ÃƒÂ°Ã‚ÂŸÃ‚Â‘Ã‚Â‰ Skim graduan yg baru bekerja layak memohon, minimum 1 hari bekerja dah boleh apply  *** Best services provided A to Z ***  Documents requirement (Within 3 days can know results from own panel bank)  ÃƒÂ¢Ã‚ÂœÃ‚Â… I/C  ÃƒÂ¢Ã‚ÂœÃ‚Â… Driving license  ÃƒÂ¢Ã‚ÂœÃ‚Â… 3 months latest Payslip  ÃƒÂ¢Ã‚ÂœÃ‚Â… 3 months latest bank statement  For Company Registration (Sdn Bhd):  ÃƒÂ¢Ã‚ÂœÃ‚Â… Director I/C  ÃƒÂ¢Ã‚ÂœÃ‚Â… M&A  ÃƒÂ¢Ã‚ÂœÃ‚Â… Form 9, 24, 44, 49  ÃƒÂ¢Ã‚ÂœÃ‚Â… 6 months latest bank statement  ÃƒÂ¢Ã‚ÂœÃ‚Â… Board of Resolution  * Retail PRICE Without INSURANCE  ÃƒÂ¢Ã‚Â†Ã‚Â˜ÃƒÂ¯Ã‚Â¸Ã‚Â City 1.5 i-Vtec S - RM 84,900.00  ÃƒÂ¢Ã‚Â†Ã‚Â˜ÃƒÂ¯Ã‚Â¸Ã‚Â City 1.5 i-Vtec E - RM 89,900.00  ÃƒÂ¢Ã‚Â†Ã‚Â˜ÃƒÂ¯Ã‚Â¸Ã‚Â City 1.5 i-Vtec V - RM 94,900.00  ÃƒÂ¢Ã‚Â†Ã‚Â˜ÃƒÂ¯Ã‚Â¸Ã‚Â City 1.5 i-Vtec RS - RM 99,900.00  ÃƒÂ¢Ã‚Â†Ã‚Â˜ÃƒÂ¯Ã‚Â¸Ã‚Â City 1.5 Hybrid RS - RM 111,900.00  ÃƒÂ°Ã‚ÂŸÃ‚Â“Ã‚Âž Contact Us Now At:  ÃƒÂ°Ã‚ÂŸÃ‚Â“Ã‚Âž Zac  ÃƒÂ°Ã‚ÂŸÃ‚Â“Ã‚Âž 016 - 231 2775  ÃƒÂ°Ã‚ÂŸÃ‚Â“Ã‚Âž 016 - 231 2775  ÃƒÂ°Ã‚ÂŸÃ‚Â“Ã‚Âž 016 - 231 2775  Honda KL Platinum Dealer."
8/23/2023,2020 Mercedes-Benz CLA-Class CLA45 S AMG TURBO 4MATIC  *RACE MODE *PANORAMIC *4 CAMERA,Dealer,418888,Mercedes-Benz,CLA-Class,CLA45 S AMG,Recond,2020,Automatic,2.0L,Sedan,Selangor,1 Year Warranty,"20,000 - 24,999 km",Metallic,White,"2020 Mercedes-Benz CLA-Class CLA45 S AMG TURBO 4MATIC  *RACE MODE *PANORAMIC *4 CAMERA  MERCEDES BENZ CLA45 S 2.0 AMG TURBO 4MATIC  - YEAR 2020  - UNREGISTERED  - JAPAN SPEC  *FACELIFT  *RACE MODE  *ADVANCED PACKAGE  SPECIFICATIONS  - PANORAMIC ROOF  - KEYLESS ENTRY  - PUSH START  - MULTI FUNCTION STEERING  - PADDLE SHIFT  - RACE MODE PACKAGE  - AMG PERFORMANCE SEAT  - FULL LEATHER SEAT  - ELECTRIC SEAT WITH MEMORY CONTROL  - PREMIUM SOUND SYSTEM  - DIGITAL WIDESCREEN  - HEAD UP DISPLAY  - DYNAMIC SUSPENSION  - TRACTION CONTROL SYSTEM  - SPORT EXHAUST MODE  - TWIN DOUBLE EXHAUST  - DISTRONIC  - ACTIVE BRAKE ASSIST  - LANE KEEP ASSIST  - BLIND SPOT ASSIST  - 19"" AMG SPORT RIM  - FOOT TRUNK OPEN SENSING  - PARKING DISTANCE CONTROL WITH SURROUND VIEW CAMERA  - AND MANY MORE EXTRA FEATURES...  * Estimate Selling Price Rm418,888  (For Duty Free Zone Langkawi, Labuan, Government Purchase and Embassy in Malaysia)**T&C  ** Now Promotion Selling Price Rm428,800  (Included sst duty tax)  Our Imported cars are :  - Inspected with HIGH GRADE Quality.  - Prepared in accordance with HIGH STANDARDS.  - 100% GUARANTEE After Sales Service Provided.  VIEW TO APPRECIATE!!!  * Trusted Car Dealer in Malaysia  * View to Believe  * Recond MERCEDES BENZ CLA45 S AMG TURBO 4MATIC   For Sale  * Call to Find Out More About The Car  ***MANY MORE RECOND MERCEDES BENZ CLA45 S AMG TURBO 4MATIC PLUS ARE AVAILABLE TO CHOOSE***  WE PROVIDE :  ~ JPJ SERVICES  ~ LOAN ARRANGEMENT SERVICES  ~ HIGH AND FAST LOAN APPROVAL  ~ ACCEPT HIGH TRADE IN  ~ EXTENDED WARRANTY  .  Welcome Visit WEBSITE  *** www.AnekaAuto.com ***  { VIEW BY APPOINTMENT }  .  WHATSAPP or CALL NOW for more info & APPOINTMENT @ 016-298 9933 SALES TEAM  .  WHATSAPP or CALL NOW for more info & APPOINTMENT @ 016-298 9933 RECOND CAR SALES TEAM  .  WHATSAPP or CALL NOW for more info & APPOINTMENT @ 016-298 9933 RECOND MERCEDES BENZ CLA45 S AMG SALES AGENT  .  { VIEW BY APPOINTMENT }  (00570000E2800CTD)"
8/23/2023,2023 Isuzu Forward FRR90 5.2cc AT-MT BDM 7500Kg-13500Kg Ã¯Â¼ÂˆRebuild JAPAN),Dealer,100600,Isuzu,Forward,FRR90,Recond,2023,Manual,5.2L,Commercial,Selangor,No Warranty,"0 - 4,999 km",Metallic,Yellow / Gold,"2023 Isuzu Forward FRR90 5.2cc AT-MT BDM 7500Kg-13500Kg Ã¯Â¼ÂˆRebuild JAPAN)  (SAMPLE SHOW YOU)  BRANDS: ISUZU  Model : FRR90  Weight(BDM) : 7,500Kg-13,500Kg  Engine CC : 5,193cc  Gear: MT  Available Ft: 14FEET-24FEET  --------------------------------------------------------------------------  PLS CALL : FELIX KHOO    Show Phone Number   WHATSAPP: www.wasap.my/6    Show Phone Number   FB PAGE : Isuzu/Daihatsu PTM 4S Malaysia  https://www.facebook.com/IsuzuDaihatsu-PTM-4S-Malaysia-1    Show Phone Number   0868/  BOOK THE TRUCK NOW BEFORE THE TRUCK OUT OF STOCK Ã°ÂŸÂ“ÂÃ°ÂŸÂ“Â  --------------------------------------------------------------------------  WHY ME??  - Grade A Lorry  - Available Deliver To East Malaysia  - Complete record of car servicing  - Little usage  - Definitely must view, view to believe.  - Car waiting to go  - Economy Parts and Easy Parts Searching  - No Hidden Deeply Customer Trusted  - Up To 1 Customer Introduce 6-7 unit Lorry Yearly  - Lebih 6 Tahun expriance pengalaman  - Up Sold 400++ Unit  - WE CAN MAKE ALL TYPE OF BODY  - FAST TO DELIVERY  - LOW DOWNPAYMENT  --------------------------------------------------------------------------  Documents Needed (Bank Loan) :  (Sole Proprietor / Partnership / Trading / Enterprise)  - Borang A & D  - Director IC (Front & Back)  - 6 Month Latest Bank Statement  (Sdn Bhd)  - Form 9, 24, 44, 49, M&A  - Director IC (Front & Back)  - 6 Month Latest Bank Statement  --------------------------------------------------------------------------  ~~ Ã¨Â¦ÂÃ¨Â´Â­Ã¤Â¹Â°Ã¥Â•Â†Ã¤Â¸ÂšÃ¨Â½Â¦Ã¯Â¼ÂŒÃ¦ÂœÂ‰Ã¨ÂµÂ„Ã¦Â–Â™Ã¯Â¼ÂŒÃ¤Â½Â†Ã¦Â˜Â¯Ã¨Â´Â·Ã¦Â¬Â¾Ã¨ÂƒÂ½Ã¥ÂŠÂ›Ã¤Â¸ÂÃ¥Â¼Âº , Ã¥Â®Â³Ã¦Â€Â•Ã¦ÂŽÂ¥Ã¤Â¸ÂÃ¥ÂˆÂ°Ã¨Â´Â·Ã¦Â¬Â¾ Ã¯Â¼ÂŸ  ~~ Ã¥ÂˆÂ«Ã¦Â‹Â…Ã¥Â¿ÂƒÃ¯Â¼ÂŒÃ¦ÂˆÂ‘Ã¤Â»Â¬Ã¤Â¼ÂšÃ¨Â®Â©Ã©Â¡Â¾Ã¥Â®Â¢Ã¤ÂºÂ†Ã¨Â§Â£Ã¦Â€ÂŽÃ¤Â¹ÂˆÃ¦Â Â·Ã¦Â‰ÂÃ¨ÂƒÂ½Ã¥Â¤ÂŸÃ¥Â¸Â®Ã¦Â‚Â¨Ã¥Â¾Â—Ã¥ÂˆÂ°Ã©Â“Â¶Ã¨Â¡ÂŒÃ¨Â´Â·Ã¦Â¬Â¾Ã§ÂšÂ„Ã¦Â‰Â¹Ã¥Â‡Â†Ã¯Â¼Â  ~~ Ã©Â€Â‰Ã¦Â‹Â©Ã¦ÂˆÂ‘Ã¤Â»Â¬Ã¯Â¼ÂÃ¦ÂˆÂ‘Ã¤Â»Â¬Ã¦ÂœÂ‰Ã¤Â¿Â¡Ã¥Â¿ÂƒÃ¥Â¸Â®Ã¥ÂŠÂ©Ã¦Â‰Â€Ã¦ÂœÂ‰Ã©Â¡Â¾Ã¥Â®Â¢Ã¨Â§Â£Ã¥Â†Â³Ã¨Â´Â·Ã¦Â¬Â¾Ã©Â—Â®Ã©Â¢Â˜ !  ~~ Nak Beli Lorry , Ada Dokumen Tapi tak strong? Takut Tak dapat Loan?  ~~ Jangan Risau !!! Kita Akan Menberi Nasihat Kepada Pemohon !!!  ~~ Cari Kita !!! Kita Mempunyai Keyakinan Kasi Loan Customer Approve !!!  ~~Want To Buy Lorry , But Document Not Very Strong? Scary Loan Can't Approve?  ~~ Dont Worry, We Will Free Advice For Loan Application To Customer !!!  ~~ Find Us !!! We Have Confident To Let Customer Get Bank Loan !!!  ~~ Pinjaman Bank Sehingga 7 Tahun Installment  ~~ Bank Loan Installment maximum 7 years  ~~ Bank Interest Rate Rendah  ~~ Bank Loan Low Interest  --------------------------------------------------------------------------  Body Type Options:-  - Wooden Body  - Steel Body  - Aluminium hard top  - Aluminium/Fibre Box  - Luton Box  - Insulated Box  - Chiller / Freezer Refrigerated Box  - Wooden Livestock Body  - Mobile Kitchen  - Etc  --------------------------------------------------------------------------  PLS CALL : FELIX KHOO    Show Phone Number   WHATSAPP: www.wasap.my/6    Show Phone Number   FB PAGE : Isuzu/Daihatsu PTM 4S Malaysia  https://www.facebook.com/IsuzuDaihatsu-PTM-4S-Malaysia-1    Show Phone Number   0868/  BOOK THE TRUCK NOW BEFORE THE TRUCK OUT OF STOCK  --------------------------------------------------------------------------  WE OPEN 7 DAYS A WEEK:  * 10:00 AM-6:30PM (MONDAY - FRIDAY)  * 10:00 AM-5:30PM (SATURDAY - SUNDAY)  (CHERAS BT9/SELAYANG)  --------------------------------------------------------------------------  *Picture Above Only For Reference  Applicable for any type of body, eg. Cargo, Luton Box, Tipper , Refrigerated box and any other type of body  -----------------------------------------------------------------------"
8/23/2023,2007 BMW 5-Series 523i 2.5 (A) Direct Owner,Dealer,27800,BMW,5-Series,523i,Used,2007,Automatic,2.5L,Others,Melaka,No Warranty,"160,000 - 169,999 km",Metallic,Black,"2007 BMW 5-Series 523i 2.5 (A) Direct Owner  YEAR 2007-BMW 523I 2.5cc (A)  Contact & WhatsApp Us At:  Ivan		: 0111-666 9292	www.wasap.my/6    Show Phone Number   2  VEHICLE Info :-  -Year 2007 / Direct Owner  -2.5cc Auto Petrol / Gear + Engine Smooth  -CD Radio Player Original + Air Conditioner ok  -Car In Good Condition & Safe To Use  -Cash Only  FACEBOOK : PERNIAGAAN MOTOR KLEBANG  Perniagaan Motor Klebang  Address: No.5777-C, Jalan Klebang Kecil, Limbongan, 75200 Melaka.  Operation Day: Mon-Sat  Operation Time: 9:00am - 5:30pm  Hotline : 0111-666 9292 / www.wasap.my/6    Show Phone Number   2  MAP LOCATION : https://www.google.com/maps/place/Perniagaan+Motor+Klebang,+Jalan+Tengkera,+Kampung+Limbongan,+75200+Klebang,+Malacca/@2.2054266,102.2199833,16z/data=!4m2!3m1!1s0x31d1f1ae238c4a73:0xabf4a2644326fab7?hl=en&source=lmns  CARELINE 24 Hour Service :-Ã‚Â 0111-666 9292  WhatsApp: www.wasap.my/6    Show Phone Number   2  We care For You.  Building History Info  https://m.facebook.com/story.php?story_fbid=71822    Show Phone Number   &id=167471630512551  * We Can Arrange Bank Loan  @@@  Fast loan Approval  @@@  ***DOCUMENT FOR APPLY LOAN ***  1. My Card (NRIC) & Driving License  2. Latest 3 months Pay Slip3  3. Latest 3 Month Bank Statement  4. Latest EPF Statement ( K.W.S.P )  5. Tax Payment Bill Statement  ***DOCUMENT FOR LOAN-Company SDN BHD***  1. (SOLE PROPRIETOR) Company SSM Registration Set  2. (SDN BHD COMPANY) Document Set (Borang 9, 49)  3. Latest 6 Month Company Bank Statement  4. Company Resolution  5. DirectorÃ¢Â€Â™s I/C  6. Driving License  7. Director Tax Payment Statement  @WE ARE USE CAR DEALER@"
8/22/2023,2018 Toyota Alphard 2.5 SC JBL Sounds Systems,Dealer,255000,Toyota,Alphard,2.5 SC,Recond,2018,Automatic,2.5L,MPV,Selangor,5 Years Warranty,"45,000 - 49,999 km",Metallic,White,"2018 Toyota Alphard 2.5 SC JBL Sounds Systems  ASALAMMUALAIKUM DAN SALAM SEJAHTERA...  *** SPECIAL MERDEKA 66 YEARS PROMOTIONS !!!***  ### UP TO 5 YEARS WARRANTY(save up to RM6,414.00)  ### Free Touch Up Interior (save RM850.00)  ### Free Touch Exterior (save up to RM3,000.00)  ### Free Service Before Delivery(save RM650.00)  ### Free Polish 3 LAYER(save RM750.00)  ### Free Branded Voucher Tinted(RM500.00)!!!  ~ TOYOTA ALPHARD 2.5 SC JBL...  ~ YEAR MADE 2018...  ~ DIRECT SALESMAN AP HOLDER!!!(NOT BROKER!!!)  ~ RECON UNREGISTERED...  ~ 3 LED...  ~ PRE-CRASH...  ~ LANE DIRECTION ASSIST...  ~ DIM...  ~ BSM...  ~ ORIGINAL MILEAGE...  ~ AUTO CRUISE...  ~ JBL TOUCH SCREEN MONITOR...  ~ ROOF MONITOR...  ~ 360ÃƒÂ‚Ã‚Â° View...  ~ MEMORY ELECTRONIC DRIVER SEAT...  ~ 4 ELECTRONIC SEATS...  ~ COOLER HEATER SEATS...  ~ PILOT HEAD REST...  ~ NAPPA LEATHER SEAT...  ~ 7 SEATER...  ~ 2 POWER DOOR...  ~ POWER BOOTH...  ~ BLACK INTERIOR...  ~ FRONT BACK PARKING SENSORS...  ~ REV. CAMERA...  ~ 18"" SPORT RIMS ...  P/S:- Free Gift MODELISTA Bodykit!!!  ### JUST ARRIVED!!!  ###  BOOKING RM1,000.00 (100% refund loan reduce, reject etc)...  *** SPECIAL MERDEKA 66 YEARS BODY PRICE RM25X,000.00!!!***  ### UP TO 5 YEARS WARRANTY(save up to RM6,414.00)  ### Free Touch Up Interior (save RM850.00)  ### Free Touch Exterior (save up to RM3,000.00)  ### Free Service Before Delivery(save RM650.00)  ### Free Polish 3 LAYER(save RM750.00)  ### Free Branded Voucher Tinted(RM500.00)!!!  >>> For more details please call / what's app text me:-  Ed Khairul Azhar    Show Phone Number   # UNLIMITED MILEAGE TOWING...  # UNLIMITED TIME TOWING...  # UP TO 100k P/A...  ### VERY CLOSE RELATIONSHIP WITH BANKERS...  ### FAST LOAN(terms and conditions apply)...  ### FAST APPROVAL (terms and conditions apply)...  ### LOW INTEREST (terms and conditions apply)...  ### HIGH TRADE IN (terms and conditions apply)...  >>> For more details please call / what's app text me:-  Ed Khairul Azhar    Show Phone Number   ### ALMOST 500 UNIT TO CHOOSE!!!!  HURRY!!!HURRY!!!HURRY!!!  ###mercerdesbenza180sea180amga200amga220amga250amga35amgcla180cla180amgc200amgtoyotaalphardvellfirehondaspadaporchemacan2.0#  For more details, please call/what's app text me :-  ED KHAIRUL AZHAR    Show Phone Number   Fast Loan(t&c apply)...  High Loan(t&c apply)...  Fast Approval(t&c apply)...  Low Interest(t&c apply)...  HIGH TRADE IN(t&c apply)...  For more details, please call/what's app text me :-  ED KHAIRUL AZHAR    Show Phone Number   - Accept Trade-In  - Low Down Payment  - Ready Stock  - Tiptop Condition  - Unregistered  - High loan  - New tyres"
9/17/2023,"40 UNIT VOXY X ZS KIRAMIKI 2 GR SPORT,UNREG 2019 YEAR Toyota Voxy 2.0 ZS Kirameki 2,8 SEATER",Dealer,148000,Toyota,Voxy,2.0 ZS Kirameki,Recond,2019,Automatic,2.0L,MPV,Kuala Lumpur,1 Year Warranty,"15,000 - 19,999 km",Metallic,Black,"40 UNIT VOXY X ZS KIRAMIKI 2 GR SPORT,UNREG 2019 YEAR Toyota Voxy 2.0 ZS Kirameki 2,8 SEATER  STOCK : 3398  CONTACT :    Show Phone Number   Ms  NEW STOCK  UNREGISTER 2019 (LOCAL AP)  TOYOTA VOXY 2.0 ZS KIRAMEKI 2  Car Specification :  * Black Colour Exterior  * Black Colour Interior  * 8 Seater  * Rear Digital Aircond Control Panel  * Roof Monitor  * 2 Power Door  * Pre-crash Safety brake Sensor  * Lane Keeping Assist  * Auto Hold  * Eco Mode  * Multi-function Steering  * Daytime Running Light  * Fog Lamp  * Sport Rims (Spare Tyre)  We Check , We Services , We Test , Before We Sell.  Required Documents:  INDIVIDUAL : IC / DRIVE LESEN / 3 MONTHS PAYSHIP / 3 MONTHS BANK STATEMENT / EPF / INCOME TAX 2022  COMPANY :DIRECTOR IC / DIRECTOR DRIVE LESEN / COMPANY SSM / 6 MONTHS COMPANY BANK STATEMENT/ INCOME TAX 2022"
8/22/2023,2015 Perodua Axia 1.0 SE,Direct Owner,23000,Perodua,Axia,1.0 SE,Used,2015,Automatic,1.0L,Hatchback,Selangor,No Warranty,"55,000 - 59,999 km",Metallic,Blue / Purple,2015 Perodua Axia 1.0 SE  - Accident Free  - Low Mileage  - Well Maintained  - Non-smoker
8/22/2023,2023 Toyota Vios 1.5 G,Dealer,89000,Toyota,Vios,1.5 G,New,2023,Automatic,1.5L,Sedan,Selangor,5 Years Warranty,,,,"2023 Toyota Vios 1.5 G  Year end promotion 2023 stock  Rebate More Than RM5000  High Trade In  Low interest rate..fast approval  Engine1.5L Petrol Engine, In-line 4 Cylinder 16 Valve DOHC  7 speed  Tyre Size205/50 R17  Front & Rear Ventilated Disc Brake  Electronic Parking Brake  Paddle Shifter  Automatic Climate Control  Rear A/C Vent  Engine Start/Stop Button  Drive Mode Eco, Normal, Power  Central Console Armrest  Bottle Holder Front & Rear  Cup Holders  Keyless Entry  Adaptive Cruise Control  Power Windows Front  Vanity Mirror  Follow Me Home Headlamps  Wireless Charger  Display Size 9 Inch  Apple Carplay/Android Auto  USB & Auxiliary Input  Advance Safety FeaturePre-collision System, Lane Departure Prevention, Front Departure Alert  Anti-Lock Braking System  Brake Assist  Vehicle Stability Control System  Traction Control  Child Safety Locks  ISOFIX Child Seat Mounts  Day & Night Rear View Mirror Auto Dimming  Dash Camera Recorder  Front Parking Sensors  Rear Parking Sensors  Rear Camera  360 Camera  Emergency Stop Signal  Electric Parking Brake  Blind Spot monitor  Lane Departure Warning  Rear Cross Traffic Alert  Low Monthly Installment Pakage RM688/RM734  High Trade In  Free Car Accessories Over RM5000  Kindly Book Through Sales Consultant  Alvin Pang  012 9198989  Whatsapp  012 9198989"
8/22/2023,2023 Toyota Vellfire 2.5,Dealer,382000,Toyota,Vellfire,2.5,New,2023,Automatic,2.5L,MPV,Selangor,5 Years Warranty,,,,"2023 Toyota Vellfire 2.5  Engine  2.5L Petrol Engine, In-line 4 Cylinder 16 Valve DOHC  Fuel Type Petrol  Engine Displacement 2494 cc  Power 178 hp  Torque 235 Nm  Front Suspension MacPherson Strut  Rear Suspension Double Wishbone  Transmission Type CVT  Alloy Wheel Size 18 Inch  Tyre Size 235/50 R18  Air Conditioner Automatic Climate Control  Air Quality Control  Rear A/C Vents  Heater  Accessory Power Outlet  Engine Start/Stop Button  Central Console Armrest  Bottle Holder  Keyless Entry  Cruise Control  Rear Reading Lamp  Vanity Mirror  Trunk Light  Additional Features  Apple CarPlay & Android Auto  Digital Odometer  Tacho Meter  Electronic Multi Tripmeter  Superior Pilot Seat  Advance Safety Feature  Lane Departure Alert, Hill Start Assist, Blind Spot Monitor, Lane Trace Assist, Pre Collision Alert  Crash Sensor  Driver Airbag  Passenger Airbag  Door Ajar Warning Child Safety Locks  Day & Night Rear View Mirror  Rear Camera  Front Impact Beams  Side Impact Beams  Central Locking  Power Door Locks  Anti Theft Device  Anti-Theft Alarm  Engine Immobilizer  5 YEARS UNLIMITED MILEAGE WARRANTY  Sales Advisor  Alvin Pang  Show Phone Number    Show Phone Number   Whatsapp  Show Phone Number    Show Phone Number"
8/21/2023,2003 Proton Wira 1.3 (M) Manual Jualan Murah,Dealer,2500,Proton,Wira,1.3 (M),Used,2003,Manual,1.3L,Sedan,Selangor,No Warranty,"250,000 - 299,999 km",Metallic,Yellow / Gold,"2003 Proton Wira 1.3 (M) Manual Jualan Murah  Masih boleh pakai, Bagus untuk berniaga. Kalau nak tenggok kereta boleh contact 017-649 5751"
8/21/2023,"2023 Proton Saga 1.3 Standard (A) READY STOCK , BEST DEAL",Dealer,38800,Proton,Saga,Standard AT,New,2023,Automatic,1.3L,Sedan,Perak,5 Years Warranty,,,,"2023 Proton Saga 1.3 Standard (A) READY STOCK , BEST DEAL  ASSALAMUALAIKUM dan SELAMAT SEJAHTERA  **** PUSAT JUALAN ONLINE PROTON****  !! HUBUNGI SAYA SEKARANG UTK TEMPAHAN!!  !! HUBUNGI SAYA SEKARANG UTK TEMPAHAN!!  !! HUBUNGI SAYA SEKARANG UTK TEMPAHAN!!  ***HARGA TIDAK TERMASUK INSURANS!!! ***  2023 Proton Saga Standard AT Ã¢Â€Â“ RM38,800  5-YEARS VEHICLE WARRANTY or 150,000 KM  3 TIMES FREE LABOUR SERVICE  Mechanicals :  1.3 litre VVT DOHC engine  1,332 cc naturally-aspirated four-cylinder petrol  95 PS at 5,750 rpm, 120 Nm at 4,000 rpm  Five-speed manual transmission  Ventilated brake discs (front), drums (rear)  Four-speed automatic transmission  Exterior :  Halogen reflector headlights  14-inch alloy wheels with 175/65-section tyres  Power-adjustable door mirrors with manual fold  Wing mirror turn signals  Bee sting antenna  Remote trunk release  Interior :  New centre console, new AC control panel  Urethane steering wheel, tilt adjustable  LCD multi-info display  ECO drive assist light  Power windows  Black fabric seats with manual adjustment  Folding rear bench  Manual air-con with N95 cabin filter  Radio with Bluetooth connectivity  Two speakers  One front USB port  One 12V power socket  Two rear USB ports  Safety :  Dual airbags  ABS with EBD and brake assist  Rear ISOFIX child seat anchors  Rear parking sensors Electronic stability control  Traction control  Hill hold assist  Colours :  1. ROSEWOOD MAROON  2. JET GREY  3. ARMOUR SILVER  4. SNOW WHITE  Selling Price - RM38,800  Insurance - RM1,213  10% Downpayment - RM4,013  90% Loan - RM36,000  9 Tahun - RM427  Full Loan - RM40,000  9 Tahun - RM474  -READY STOCK  -HIGH TRADE-IN  -INTEREST RENDAH  -KELULUSAN SECEPAT 24 JAM  -TIADA BAYARAN TERSEMBUNYI  -FULL LOAN BOLEH DIURUSKAN  -FREE GIFT BANYAK  *Antara FREE GIFT yang menarik menanti anda :  -FREE petrol  -FREE wireless headset  -FREE tinted voucher  -FREE roadtax holder  -FREE air refreshener  -FREE umbrella  -FREE anti slip dash mat  -FREE sun shade  -FREE mutifunctional phone holder  -FREE handphone charger  -FREE bag  -FREE towel  -FREE pen  Untuk permohonan pinjaman melalui pihak  bank memerlukan dokumen-dokumen seperti  berikut :  Dokumen Untuk Individu :  1- Salinan Kad Pengenalan  2- Salinan Lesen Memandu  3- Slip Gaji 3 Bulan  4- Penyata Bank 3 Bulan  5- Penyata KWSP  Dokumen Untuk Syarikat :  1- Salinan Kad Pengenalan Director  2- Salinan Lesen Memandu Director  3- Borang 9,24,49  4- M&A  5- Resolusi Syarikat  6- Penyata Bank 6 bulan  Dokumen Untuk Skim Graduan :  1- Salinan Kad Pengenalan  2- Salinan Lesen Memandu  3- Transkrip Diploma/Ijazah  4- Surat Tawaran Kerja  ANDA harus MEMBELI dengan saya ???  1. Berpengalaman luas didalam bidang  JUAL-BELI kenderaan  2. Perkhidmatan & layanan yang PANTAS & MESRA  3. TIADA sebarang rekod buruk dengan PELANGGAN  4. Servis AFTER SALES  5. BERUSAHA bersungguh-sungguh untuk meluluskan LOAN anda  6. CONNECTION yang KUAT dengan pihak bank  7. PELANGGAN mesti BERPUAS HATI dan GEMBIRA  Untuk keterangan lanjut sila hubungi :  KHAIRI (Sales Advisor)  H/P : 019 363 6677 (Call @ Whatsapp)  Email :   [email protected]  Please Call @ Whatsapp (24 Hours On Call)  KHAIRI 019 363 6677  KHAIRI 019 363 6677  Terima Kasih  *Terms and Conditions Apply"
8/21/2023,"2023 Proton X90 1.5 PREMIUM (A) READY STOCK , BEST DEAL",Dealer,144800,Proton,X90,1.5 BSG,New,2023,Automatic,"1,500.0L",SUV,Perak,5 Years Warranty,,,,"2023 Proton X90 1.5 PREMIUM (A) READY STOCK , BEST DEAL  ASSALAMUALAIKUM dan SELAMAT SEJAHTERA  **** PUSAT JUALAN ONLINE PROTON****  5 YEARS VEHICLE WARRANTY WITH UNLIMITED MILEAGE  5 YEARS DATA PACKAGE OF 1GB PER MONTH  3 TIMES FREE LABOUR SERVICE  ***HARGA TIDAK TERMASUK INSURANS!!! ***  2023 Proton X90 PREMIUM (A) - RM144,800  4 VARIAN, 1 TRENKUASA  * Enjin : 1.5L TGDi 48V Mild-Hybrid  * 177ps dan 255Nm  * Transmisi : 7-speed Dual Clutch Transmission (DCT)  *  SPESIFIKASI  Standard  * Enjin 1.5 TGDi dengan sistem hibrid ringan (MHEV)  * Transmisi dual-klac (DCT) 7-kelajuan  * Lampu LED penuh  * Rim aloi 18 inci  * Kerusi fabrik  * Unit infotainmen 12.3 inci  * Kamera undur  * Pilihan warna: Snow White (putih), Armor Silver (perak) dan Jet Grey (kelabu)  Executive (naik taraf daripada Standard)  * Sistem Pemantauan Tekanan Tayar  * Pintu but kuasa  * Tempat duduk kulit tiruan  * Kerusi pemandu jenis elektrik  * Tempat duduk depan dengan fungsi ventilator  * Kamera 360ÃƒÂƒÃ‚ÂƒÃƒÂ‚Ã‚Â‚ÃƒÂƒÃ‚Â‚ÃƒÂ‚Ã‚Âº dengan paparan 3D  * Pilihan warna tambahan: Cinnamon Brown (coklat) dan Red Ruby (merah)  Premium (naik taraf daripada Executive)  * Ada Sistem Bantuan Pemandu Termaju (ADAS).  * Rim aloi 19 inci  * Kerusi kulit Nappa  * Kerusi penumpang depan jenis elektrik  * Pengecas wayarles  * Bantuan Pakir Automatik (APA)  * Pilihan warna tambahan: Marine Blue (biru)  Flagship (naik taraf daripada Premium)  * Bumbung suria panoramik  * Kerusi penumpang depan dengan suis 'bos'  * Kerusi kapten di tempat duduk baris kedua  Colours :  1. Marine Blue  2. Ruby Red  3. Cinnamon Brown  4. Jet Grey  5. Armour Silver  6. Snow White  -READY STOCK  -HIGH TRADE-IN  -INTEREST RENDAH  -KELULUSAN SECEPAT 24 JAM  -TIADA BAYARAN TERSEMBUNYI  -FULL LOAN BOLEH DIURUSKAN  -FREE GIFT BANYAK  Untuk permohonan pinjaman melalui pihak  bank memerlukan dokumen-dokumen seperti  berikut :  Dokumen Untuk Individu :  Salinan Kad Pengenalan  Salinan Lesen Memandu  Slip Gaji 3 Bulan  Penyata Bank 3 Bulan  Penyata KWSP  Dokumen Untuk Syarikat :  Salinan Kad Pengenalan Director  Salinan Lesen Memandu Director  Borang 9,24,49  M&A  Resolusi Syarikat  Penyata Bank 6 bulan  Dokumen Untuk Skim Graduan :  Salinan Kad Pengenalan  Salinan Lesen Memandu  Transkrip Diploma/Ijazah  Surat Tawaran Kerja  ANDA harus MEMBELI dengan saya ???  1. Berpengalaman luas didalam bidang  JUAL-BELI kenderaan  2. Perkhidmatan & layanan yang PANTAS & MESRA  3. TIADA sebarang rekod buruk dengan PELANGGAN  4. Servis AFTER SALES  5. BERUSAHA bersungguh-sungguh untuk meluluskan LOAN anda  6. CONNECTION yang KUAT dengan pihak bank  7. PELANGGAN mesti BERPUAS HATI dan GEMBIRA  Untuk keterangan lanjut sila hubungi :  KHAIRI (Sales Advisor)  H/P : 019 363 6677 (Call @ Whatsapp)  Email :   [email protected]  Please Call @ Whatsapp (24 Hours On Call)  KHAIRI 019 363 6677  KHAIRI 019 363 6677  Terima Kasih  *Terms and Conditions Apply"
8/21/2023,"2023 Proton X50 1.5 EXECUTIVE (A) READY STOCK , BEST OFFER",Dealer,93300,Proton,X50,1.5T Executive,New,2023,Automatic,1.5L,SUV,Perak,5 Years Warranty,,,,"2023 Proton X50 1.5 EXECUTIVE (A) READY STOCK , BEST OFFER  ASSALAMUALAIKUM dan SELAMAT SEJAHTERA  **** PUSAT JUALAN ONLINE PROTON****  5-YEARS VEHICLE WARRANTY WITH UNLIMITED MILEAGE  5-YEARS DATA PACKAGE OF 1GB PER MONTH  3 TIMES FREE LABOUR SERVICE  ***HARGA TIDAK TERMASUK INSURANS!!! ***  2023 Proton X50 Executive 2WD (A) - RM93,300  Mechanicals :  1.5T PFI 1.5 litre engine  1,477 cc multi-point injection, turbocharged three-cylinder  150 PS at 5,500 rpm  226 Nm from 1,500 to 4,000 rpm  Seven-speed wet dual-clutch automatic transmission with manual mode (no paddle shifters)  6.5 litres per 100 km fuel consumption  Three drive modes (Normal, Eco and Sport)  Front-wheel drive  Ventilated brake discs (front), solid discs (rear)  Electronic parking brake with auto brake hold function  MacPherson strut (front), torsion beam (rear) suspension  45 litre fuel tank capacity  1,345 kg kerb weight  Exterior :  17-inch silver alloy wheels with 215/60-profile tyres  LED projector headlamps-LED daytime running lights  LED tail lights  Gloss black grille with red outline  Front lower splitter with carbon-fibre print  Rear spoiler  Quad-exhaust pipes, rear diffuser with carbon-fibre print  Automatic headlamps  Front LED fog lamps  Interior :  Grey headliner  Manual front seat adjustment  Manual air-conditioning  Urethane steering wheel with control switches  Standard meter instrument cluster  Cruise control with speed limiter  Keyless entry, push-button start  Remote engine start  Rear air-con vents  8.0-inch touchscreen infotainment system with GKUI 19  Voice command, navigation, online weather foreceast/ Joox music streaming  4G and WiFi, smartphone and Bluetooth connectivity  Four loudspeakers  Three USB ports (one data, two charging)  N95 cabin filter  330 litres boot space  Black faux leather upholstery with grey contrast stitching  Leather-wrapped steering wheel with function control switches  Safety :  Electronic stability control (ESC) and traction control  ABS, EBD, brake assist  Hill hold assist  Hill descent control  Reverse camera  Four rear parking sensors  Six airbags (front, side, curtain)  Two front parking sensors  Colours :  Snow White  Armour Silver  Ocean Blue  Jet Grey  Citric Orange  -READY STOCK  -HIGH TRADE-IN  -INTEREST RENDAH  -KELULUSAN SECEPAT 24 JAM  -TIADA BAYARAN TERSEMBUNYI  -FULL LOAN BOLEH DIURUSKAN  -FREE GIFT BANYAK  *Antara FREE GIFT yang menarik menanti anda :  -FREE petrol  -FREE wireless headset  -FREE tinted voucher  -FREE roadtax holder  -FREE air refreshener  -FREE umbrella  -FREE anti slip dash mat  -FREE sun shade  -FREE mutifunctional phone holder  -FREE handphone charger  -FREE bag  -FREE towel  -FREE pen  Untuk permohonan pinjaman melalui pihak  bank memerlukan dokumen-dokumen seperti  berikut :  Dokumen Untuk Individu :  -Salinan Kad Pengenalan  -Salinan Lesen Memandu  -Slip Gaji 3 Bulan  -Penyata Bank 3 Bulan  -Penyata KWSP  Dokumen Untuk Syarikat :  -Salinan Kad Pengenalan Director  -Salinan Lesen Memandu Director  -Borang 9,24,49  -M&A  -Resolusi Syarikat  -Penyata Bank 6 bulan  Dokumen Untuk Skim Graduan :  -Salinan Kad Pengenalan  -Salinan Lesen Memandu  -Transkrip Diploma/Ijazah  -Surat Tawaran Kerja  ANDA harus MEMBELI dengan saya ???  1. Berpengalaman luas didalam bidang  JUAL-BELI kenderaan  2. Perkhidmatan & layanan yang PANTAS & MESRA  3. TIADA sebarang rekod buruk dengan PELANGGAN  4. Servis AFTER SALES  5. BERUSAHA bersungguh-sungguh untuk meluluskan LOAN anda  6. CONNECTION yang KUAT dengan pihak bank  7. PELANGGAN mesti BERPUAS HATI dan GEMBIRA  Untuk keterangan lanjut sila hubungi :  KHAIRI (Sales Advisor)  H/P : 019 363 6677 (Call @ WhatsApp)  Email :   [email protected]  Please Call @ WhatsApp (24 Hours On Call)  KHAIRI 019 363 6677  KHAIRI 019 363 6677  Terima Kasih  *Terms and Conditions Apply"
8/21/2023,2019 MERCEDES BENZ C180 AVANTGARDE NFL 5yrs Warranty Unlimited Mileage,Dealer,176800,Mercedes-Benz,C-Class,C180 Avantgarde,Recond,2019,Automatic,1.6L,Sedan,Selangor,5 Years Warranty,"20,000 - 24,999 km",Metallic,White,"2019 MERCEDES BENZ C180 AVANTGARDE NFL 5yrs Warranty Unlimited Mileage  ALL MAJOR PARTS  5 Years Warranty  5 Years Unlimited Mileage & Claim  Open Service / Open Workshop  .  ASSALAMUALAIKUM & SALAM HORMAT  Saya Ridzuan merupakan jurujual rasmi kepada AutoMart Glenmarie.  Sebuah syarikat Pengimport kenderaan baru & terpakai dari JEPUN & UK.  .  #PROMOTION  Model: MERCEDES BENZ C180 Avantgarde New Facelift  Year: 2018 (unregistered) Japan Spec  Comes with 5 Years Warranty (Unlimited Mileage & Unlimited Claim)  Promo Price: RM 176,800.00  Contact:    Show Phone Number   .  #ENGINE  1.6L / 4 Cylinder / 16 Valve  Turbocharge CGI  9G-Tronic Plus Automatic Transmission  156hp & 250Nm Torque  0 - 100kmh in 8.2 sec  225kmh Top Speed  Fuel Consumption 5.4L / 100km  Fuel Tank 66 Litres  Contact:    Show Phone Number   .  #SPECIFICATION  Avantgarde New Facelift  New LED High Performance Headlight  Black Interior  DYNAMIC SELECT  Lane Keep Assist  Blind Spot Assist  Distronic Plus  Pre Save Brake  ParkTronic  HD Back Camera  Park Assist  Adaptive Brake Light  Collision Prevention Assist  Tyre Pressure Monitor  Full Leather Multifunction Steering Wheel  Digital Aircond System  Auto Start-Stop Engine  Paddle Shifter  Cruise Control  Variable Driving Mode  Half Leather Seat  2 Electric Seat  2 Memory Seats  5 Seater  480 Litres Boot Space  Keyless Entry  Push Start Button  17"" Inch Original Sports Rim  .  Original Paint  Perfect Car Condition  Guarantee Worth To Buy  Genuine & Trusted AP Holder  Certified PEKEMA Member  Our AP Accepted By Any Bank  High Loan with Low Interest Rate  High Trade in Value  100% Follow Procedure  .  #FREE  Full Service before Delivery  Interior & Exterior Cleaning  Polish & Wax  Anti Rust  5 Years Warranty Provided  .  Contact:    Show Phone Number   .  Best Price In The Market  Fast Loan Approval  Lowest Interest Rate  Max 9 Years Conventional / Islamic Loan  ---------------------------------------------------------------------  VIEW TO BELIEVE  Welcome To Our Showroom  Kindly Call For Appointment  Customer 24seven HOTLINE  Ridzuan:    Show Phone Number   Ridzuan:    Show Phone Number"
8/21/2023,2019 TOYOTA COROLLA SPORT GZ 1.2Turbo 5yrs Warranty Unlimited Mileage,Dealer,137800,Toyota,Corolla,1.2 KE20,Recond,2019,Automatic,1.2L,Hatchback,Selangor,5 Years Warranty,"20,000 - 24,999 km",Metallic,Blue / Purple,"2019 TOYOTA COROLLA SPORT GZ 1.2Turbo 5yrs Warranty Unlimited Mileage  ALL MAJOR PARTS  5 Years Warranty  5 Years Unlimited Mileage / Claim  Open Service / Open Workshop  .  ASSALAMUALAIKUM & SALAM HORMAT  Saya Ridzuan merupakan jurujual rasmi kepada AutoMart Glenmarie.  Sebuah syarikat Pengimport kenderaan baru & terpakai dari JEPUN & UK.  .  #PROMOTION  Model: TOYOTA COROLLA SPORT GZ Full Bodykit  Year: 2019 (unregistered) Japan Spec  Comes with 5 Years Warranty (Unlimited Mileage / Claim)  Promo Price: RM 137,800.00  Contact:    Show Phone Number   .  #ENGINE  1.2L / 4 Cylinder / 16 Valve / Transverse  Turbocharge  CVT with Manual Mode  113hp & 185Nm Torque  0 - 100kmh in 10 sec  200kmh Top Speed  Fuel Consumption 5.6L / 100km  Fuel Tank 50 Litres  Contact:    Show Phone Number   .  #SPECIFICATION  Black Interior  Modellista Bodykit  Semi Bucket Seat  Keyless Entry & Push Start Button  Toyota Safety Sense  Pre Crash System  Steering Assist  Blinding Sport Assist (BSM)  LTA (Lane Tracing Assist)  RSA (Road Sign Assist)  PKSB (Parking Support Brake)  Traction Control  7 SRS Airbags  Blind Spot Assist  HD Front / Back Camera  Full Leather Multifunction Steering Wheel  Paddle Shifter  Electronic Parking Brake  Adaptive Cruise Control  Digital Dual Zone Aircond System  Variable Driving Mode  Automatic LED Headlight  LED Taillight  5 Seater  361 Litres Boot Space  18"" Inch Original Sports Rim  .  Original Paint  Perfect Car Condition  Guarantee Worth To Buy  Genuine & Trusted AP Holder  Certified PEKEMA Member  Our AP Accepted By Any Bank  High Loan with Low Interest Rate  High Trade in Value  100% Follow Procedure  .  #FREE  Full Service before Delivery  Interior & Exterior Cleaning  Polish & Wax  Anti Rust  5 Years Warranty Provided  .  Contact:    Show Phone Number   Mercedes Benz A180 AMG  .  Best Price In The Market  Fast Loan Approval  Lowest Interest Rate  Max 9 Years Conventional / Islamic Loan  ---------------------------------------------------------------------  YouTube: CarWan  TikTok: CarWan  FB Page: CarWan Automart  Call / Whatsapp:    Show Phone Number   ---------------------------------------------------------------------  VIEW TO BELIEVE  Welcome To Our Showroom  Open 7 days a week  Kindly Call For Appointment  Customer 24seven HOTLINE  Ridzuan:    Show Phone Number   Ridzuan:    Show Phone Number"
8/17/2023,2023 Toyota Camry 2.5 V,Dealer,204880,Toyota,Camry,2.5 V,New,2023,Automatic,2.5L,Sedan,Selangor,5 Years Warranty,,,,"2023 Toyota Camry 2.5 V  Year end promotion 2023 stock  Rebate More Than RM15,000  High Trade In  Low interest rate..fast approval  A25A-FKS  4-cylinder, In-line, 16V, DOHC  Displacement	2,487 cc  Maximum Output	209 PS / 6,600 RPM  Maximum Torque	253 Nm / 5,000 RPM  Drive Modes	With (ECO / Normal / Sport)  Direct Shift 8-speed Automatic with Sequential  Automatic Bi-LED Projector with Follow-me-home Function  Daytime Running Lights	LED  Smooth Leather (Black)  Driver Seat	10-way Power Adjustable with 2-position Memory  Front Passenger Seat	8-way Power Adjustable with Shoulder Switch & Collapsible Headrest  Rear Seat	Power Reclining with Centre Armrest Control Panel  Audio System	9"" Display Audio with JBLÃƒÂƒÃ‚ÂƒÃƒÂ‚Ã‚Â¢ÃƒÂƒÃ‚Â‚ÃƒÂ‚Ã‚Â„ÃƒÂƒÃ‚Â‚ÃƒÂ‚Ã‚Â¢ Speakers  Sunshades	Powered Rear Window & Manual Rear Side Windows  Air Conditioning	Tri-zone Automatic Climate Control with Rear Vents  Ambient Lighting  Heads-up Display (HUD)  Steering Wheel Power Adjustable, Leather Wrapped with 2-position Memory  Wireless Charge  Digital Video Recorder  Pre-Crash System (PCS), Lane Tracing Assist (LTA), Dynamic Radar Cruise Control (DRCC), Automatic High Beam (AHB)  SRS Airbags 7 (Front, Front Side, Curtain & Driver Knee)  Traction Control (TRC)  Anti-lock Braking System (ABS)With Electronic Brake-force Distribution (EBD) & Brake Assist (BA)  Hill-start Assist Control (HAC)  Emergency Stop Signal (ESS)  Panoramic View Monitor (PVM)  Blind Spot Monitor (BSM)  Rear Cross Traffic Auto Brake (RCTAB)  Intelligent Clearance Sonar (ICS)	With (Front and Rear)  Electric Parking Brake (EPB)	With Automatic Brake Hold  Tyre Pressure Monitoring System (TPMS)  Vehicle Telematics System (VTS)  ISOFIX	With (Rear Seat)  Windows Tint Toyota Premium Security & Solar Film  Book Yours Today  Call  Alvin Pang 012 9198989  Whatsapp  Alvin Pang 012 9198989"
9/17/2023,"40 UNIT VOXY X ZS KIRAMIKI 2 GR SPORT,RECOND 2019 Toyota Voxy 2.0 ZS GR Sport ALCANTARA SEAT",Dealer,166000,Toyota,Voxy,GS,Recond,2019,Automatic,2.0L,MPV,Kuala Lumpur,1 Year Warranty,"10,000 - 14,999 km",Metallic,Black,"40 UNIT VOXY X ZS KIRAMIKI 2 GR SPORT,RECOND 2019 Toyota Voxy 2.0 ZS GR Sport ALCANTARA SEAT  STOCK : 3392  CONTACT :    Show Phone Number   Ms  NEW STOCK  UNREGISTER 2019 (LOCAL AP)  TOYOTA VOXY 2.0 ZS GR SPORT  Car Specification :  * 7 Seater  * Black Colour Exterior  * Black Colour Interior  * GR Sport BUMPER  * GR SPORT Alcantara Seat  * GR SPORT Sport Optitron Meter Panel  * GR SPORT Carpet  * GR SPORT Caliper  * GR SPORT Sport Rims  * GR SPORT Push Start Button  * 1 Power Door  * Rear Digital Control Aircond Panel  * Pre-crash Safety brake Sensor  * Lane Keeping Assist  * Auto Hold  * Eco Mode  * Multi-function Steering  * Cruiser Control  * Daytime Running Light (LED BEAM)  * Fog Lamp  * Sport Rims  We Check , We Services , We Test , Before We Sell.  Required Documents:  INDIVIDUAL :IC / DRIVE LESEN / 3 MONTHS PAYSLIP / 3 MONTHS BANK STATEMENT / EPF / EA INCOME TAX 2022  COMPANY : DIRECTOR IC / DIRECTOR DRIVE LESEN / COMPANY SSM / 6 MONTHS COMPANY BANK STATEMENT/ INCOME TAX 2022"
8/21/2023,2018 BMW X2 1.5 M-Sport 5yrs Warranty Unlimited Mileage,Dealer,173800,BMW,X2,sDrive20i M Sport,Recond,2018,Automatic,2.0L,SUV,Selangor,5 Years Warranty,"15,000 - 19,999 km",Metallic,White,"2018 BMW X2 1.5 M-Sport 5yrs Warranty Unlimited Mileage  Warranty All Major Parts  5 Years Warranty  5 Years Unlimited Mileage / Claim  Open Service / Open Workshop  .  ASSALAMUALAIKUM & SALAM HORMAT  .  #PROMOTION  Model: BMW X2 M-Sport 18i S-Drive (F39)  Year: 2018 (unregistered)  Comes with 5 Years Warranty (Unlimited Mileage)  Promo Price: RM 173,800.00  Contact:    Show Phone Number   .  #ENGINE  1.5L / 3-Cylinder in-line BMW TwinPower Turbo  6 Speed Automatic Sport Transmission  138hp & 220Nm Torque  Front Wheel Drive  0 - 100kmh in 9.6 sec  205kmh Top Speed  Fuel Consumption 5.6L/100km  Contact:    Show Phone Number   .  #SPECIFICATION  Full Spec  M-Sport Steering Wheel  Head-Up Display (H.U.D)  LED Headlights  LED DayTime Running Light  Ambient Interior Lighting  Full Leather Multifunction Steering Wheel  Keyless Entry  Push Start Button  Automatic Start/Stop  Digital Aircondition  Auto Climate Control with Dual Temp Zones  Adaptive Damping Control  Dynamic stability control (DSC)  Dynamic Traction control system (DTC)  Electronic Differential Lock Control (EDLC)  Active Cruise Control with Stop & Go  I-Drive 6  Full Leather Semi Bucket Seat  Power Boot  470 / 1,355 Liter Boot Space  19"" Inch Original M-Sport Rim  ============================================  TRADE-IN AVAILABLE (ALL MODEL)  AUDI BMW MERCEDES BENZ VOLKSWAGEN VOLVO PEUGEOT MINI  TOYOTA HONDA MAZDA NISSAN FORD PROTON PERODUA  ============================================  Original Paint  Original Mileage  Perfect Car Condition  Guarantee Worth To Buy  Genuine & Trusted AP Holder  Certified PEKEMA Member  Our AP Accepted By Any Bank  High Loan with Low Interest Rate  High Trade in Value  100% Follow Procedure  .  #FREE  Full Service before Delivery  Interior & Exterior Cleaning  Polish & Wax  Anti Rust  5 Years Warranty Provided (open workshop)  .  Contact:    Show Phone Number   .  Best Price In The Market  Fast Loan Approval  Lowest Interest Rate  Max 9 Years Conventional / Islamic Loan  ---------------------------------------------------------------------  YouTube: CarWan  TikTok: CarWan  FB Page: Carwan Automart  Call / Whatsapp:    Show Phone Number   ---------------------------------------------------------------------  View To Believe  Welcome To Our Showroom  Open 7 days a week  Kindly Call For Appointment  Customer 24seven HOTLINE  Ridzuan:    Show Phone Number   Ridzuan:    Show Phone Number"
8/20/2023,2018 MINI Cooper S JCW 2.0 - JOHN COOPER WORKS - GOOD DEAL - (UNREGISTERED),Dealer,173888,MINI,Cooper,JCW,Recond,2018,Automatic,2.0L,Hatchback,Selangor,1 Year Warranty,"30,000 - 34,999 km",Metallic,Black,"2018 MINI Cooper S JCW 2.0 - JOHN COOPER WORKS - GOOD DEAL - (UNREGISTERED)  MINI COOPER S 2.0 JCW  - UnRegistered  - Year Made 2018  ***FACELIFT***  SPECIFICATIONS  - JOHN COOPER WORKS PACKAGE  - John Cooper Works Multi-Function Steering with Paddle Shift  - John Cooper Works Side Step  - John Cooper Works Speedometer  - Head Up Display (HUD)  - Sport Mode  - LED Headlamp  - Traction Control System  - John Cooper Works 4 pot Brake Caliper  - John Cooper Works 18"" Sport Rims  - Parking Distance Control with REVERSE CAMERA  - And many more extra features...  * Estimate Selling Price Rm173,888  (For Duty Free Zone Langkawi, Labuan, Government Purchase and Embassy in Malaysia)**T&C  ** Now Promotion Selling Price Rm183,800  (Included sst duty tax)  Our Imported cars are :  - Inspected with HIGH GRADE Quality.  - Prepared in accordance with HIGH STANDARDS.  - 100% GUARANTEE After Sales Service Provided.  VIEW TO APPRECIATE!!!  * Trusted Car Dealer in Malaysia  * View to Believe  * Recond MINI COOPER S 2.0 JCW For Sale  * Call to Find Out More About The Car  ***MANY MORE RECOND MINI COOPER ARE AVAILABLE TO CHOOSE***  WE PROVIDE :  ~ JPJ SERVICES  ~ LOAN ARRANGEMENT SERVICES  ~ HIGH AND FAST LOAN APPROVAL  ~ ACCEPT HIGH TRADE IN  ~ EXTENDED WARRANTY  .  Welcome Visit WEBSITE  *** www.AnekaAuto.com ***  { VIEW BY APPOINTMENT }  .  WHATSAPP or CALL NOW for more info & APPOINTMENT @ 016-298 9933 SALES TEAM  .  WHATSAPP or CALL NOW for more info & APPOINTMENT @ 016-298 9933 RECOND CAR SALES TEAM  .  WHATSAPP or CALL NOW for more info & APPOINTMENT @ 016-298 9933 RECOND MINI COOPER SALES AGENT  .  { VIEW BY APPOINTMENT }  .  .  (00612000B8300CTD)"
8/20/2023,2019 Honda Civic Type R 2.0 Turbo (M) - SAFETY SENSING - (UNREGISTERED),Dealer,225888,Honda,Civic Type R,2.0 Turbo (M),Recond,2019,Automatic,2.0L,Sedan,Selangor,3 Years Warranty,"40,000 - 44,999 km",Metallic,Black,"2019 Honda Civic Type R 2.0 Turbo (M) - SAFETY SENSING - (UNREGISTERED)  HONDA CIVIC TYPE R 2.0 GT VTEC TURBO (MANUAL)  - UNREGISTERED  - Year Made 2019  SPECIFICATION  - KEYLESS ENTRY  - PUSH START BUTTON  - MULTI FUNCTION STEERING  - TYPE R SEMI BUCKET SEAT  - BREMBO CALIPER  - SPORT MODE SELECTION R  - TRACTION CONTROL SYSTEM  - PRE CRASH ASSIST  - LANE KEEP ASSIST  - 20"" SPORT BLACK RIM  - PARKING DISTANCE CONTROL WITH REVERSE CAMERA  - AND MANY MORE EXTRA FEATURES...  * Estimate Selling Price Rm225,888  (For Duty Free Zone Langkawi, Labuan, Government Purchase and Embassy in Malaysia)**T&C  ** Now Promotion Selling Price Rm235,800  (Included sst duty tax)  Our Imported cars are :  - Inspected with HIGH GRADE Quality.  - Prepared in accordance with HIGH STANDARDS.  - 100% GUARANTEE After Sales Service Provided.  VIEW TO APPRECIATE!!!  * Trusted Car Dealer in Malaysia  * View to Believe  * Recond HONDA CIVIC 2.0 TYPE R (FK8) For Sale  * Call to Find Out More About The Car  ***MANY MORE RECOND HONDA CIVIC 2.0 TYPE R ARE AVAILABLE TO CHOOSE***  WE PROVIDE :  ~ JPJ SERVICES  ~ LOAN ARRANGEMENT SERVICES  ~ HIGH AND FAST LOAN APPROVAL  ~ ACCEPT HIGH TRADE IN  ~ EXTENDED WARRANTY  .  .  Welcome Visit WEBSITE  *** www.AnekaAuto.com ***  .  { VIEW BY APPOINTMENT }  .  WHATSAPP or CALL NOW for more info & APPOINTMENT @    Show Phone Number   SALES TEAM  .  WHATSAPP or CALL NOW for more info & APPOINTMENT @    Show Phone Number   RECOND CAR SALES AGENT  .  WHATSAPP or CALL NOW for more info & APPOINTMENT @    Show Phone Number   RECOND HONDA CIVIC TYPE R SALES AGENT  .  { VIEW BY APPOINTMENT }  .  (00168000C33C3500AUDJ)"
8/19/2023,2021 Toyota Harrier 2.0 G,Dealer,206000,Toyota,Harrier,2.0 G,Recond,2021,Automatic,2.0L,SUV,Kuala Lumpur,5 Years Warranty,"10,000 - 14,999 km",Metallic,Black,"2021 Toyota Harrier 2.0 G  2021 TOYOTA HARRIER 2.0 G  Ã¢Â€Â‹  * RM 206,000 after SST *offer*  * RM 206,000 after SST *offer*  Ã¢Â€Â‹  * FREE 5 YEARS WARRANTY (OPEN SERVICE)  * FREE 1ST SERVICE  * FREE POLISH AND WAX  * FREE TOUCH UP  * ACCIDENT FREE  * NO HIDDEN CHARGES  Ã¢Â€Â‹  * UNREGISTERED  * LOCAL AP  * JAPAN SPEC  * 2.0 DYNAMIC FORCE ENGINE  * NON TURBOCHARGED  * BLACK INTERIOR  * SEMI LEATHER SEATS  * FRONT ELECTRONIC SEAT  * REAR AIR-COND  * POWER BOOT  * AUDIO DISPLAY (ANDROID/APPLE CAR PLAY)  * REVERSE CAMERA  * DIGITAL INNER MIRROR (D.I.M)  * PROJECTOR DUAL LED HEADLAMP  * BLIND SPOT MONITORING (BSM)  * PRE-CRASH SYSTEM (PCS)  * LANE KEEP ASSIST (LKA)  * KEYLESS ENTRY  * PUSH START  * ELECTRONIC PARKING BRAKE  * MULTIFUNCTION STEERING  * 18"" ALLOY WHEEL  * ORIGINAL MILEAGE  Ã¢Â€Â‹  * RM 206,000 after SST *offer*  * RM 206,000 after SST *offer*  Ã¢Â€Â‹  PLS CALL - 017-225 3605 RAY  PLS CALL - 017-225 3605 RAY  Ã¢Â€Â‹  APPRECIATE & THANKS FOR VIEWING :)"
8/19/2023,16K MILEAGE 2021 Toyota Harrier 2.0 G DIM SPECIAL OFFER UNIT UNREG,Dealer,210000,Toyota,Harrier,2.0 G,Recond,2021,Automatic,2.0L,SUV,Kuala Lumpur,5 Years Warranty,"15,000 - 19,999 km",Metallic,White,"16K MILEAGE 2021 Toyota Harrier 2.0 G DIM SPECIAL OFFER UNIT UNREG  2021 TOYOTA HARRIER 2.0 G  Ã¢Â€Â‹  * RM 210,000 after SST *offer*Ã¢Â€Â‹  * RM 210,000 after SST *offer*Ã¢Â€Â‹  Ã¢Â€Â‹  * FREE 5 YEARS WARRANTY (OPEN SERVICE)  * FREE 1ST SERVICE  * FREE POLISH AND WAX  * FREE TOUCH UP  * ACCIDENT FREE  * NO HIDDEN CHARGESÃ¢Â€Â‹  Ã¢Â€Â‹  * UNREGISTEREDÃ¢Â€Â‹  * LOCAL APÃ¢Â€Â‹  * JAPAN SPECÃ¢Â€Â‹  * 2.0 DYNAMIC FORCE ENGINEÃ¢Â€Â‹  * NON TURBOCHARGEDÃ¢Â€Â‹  * BLACK INTERIORÃ¢Â€Â‹  * SEMI LEATHER SEATSÃ¢Â€Â‹  * FRONT ELECTRONIC SEAT  * REAR AIR-CONDÃ¢Â€Â‹  * POWER BOOTÃ¢Â€Â‹  * AUDIO DISPLAY (ANDROID/APPLE CAR PLAY)  * REVERSE CAMERA  * DIGITAL INNER MIRROR (D.I.M)Ã¢Â€Â‹  * PROJECTOR DUAL LED HEADLAMPÃ¢Â€Â‹  * PRE-CRASH SYSTEMÃ¢Â€Â‹ (PCS)  * LANE KEEP ASSISTÃ¢Â€Â‹ (LKA)  * KEYLESS ENTRYÃ¢Â€Â‹  * PUSH STARTÃ¢Â€Â‹  * ELECTRONIC PARKING BRAKEÃ¢Â€Â‹  * MULTIFUNCTION STEERINGÃ¢Â€Â‹  * 18"" ALLOY WHEELÃ¢Â€Â‹  * ORIGINAL MILEAGE  Ã¢Â€Â‹  * RM 210,000 after SST *offer*Ã¢Â€Â‹  * RM 210,000 after SST *offer*Ã¢Â€Â‹  Ã¢Â€Â‹  PLS CALL - 017-225 3605 RAYÃ¢Â€Â‹  PLS CALL - 017-225 3605 RAYÃ¢Â€Â‹  Ã¢Â€Â‹  APPRECIATE & THANKS FOR VIEWING :)"
8/19/2023,offer 2018 Toyota Vellfire 2.5 ZG SUNROOF 3LED SPECIAL DEAL UNREG,Dealer,227000,Toyota,Vellfire,ZG,Recond,2018,Automatic,2.5L,MPV,Kuala Lumpur,5 Years Warranty,"55,000 - 59,999 km",Metallic,Black,"offer 2018 Toyota Vellfire 2.5 ZG SUNROOF 3LED SPECIAL DEAL UNREG  2018 TOYOTA VELLFIRE 2.5 ZG  * RM 227,000 after SST *offer*  * RM 227,000 after SST *offer*  * FREE 5 YEARS WARRANTY (OPEN SERVICE)  * FREE 1ST SERVICE  * FREE POLISH AND WAX  * FREE TOUCH UP  * ACCIDENT FREE  * NO HIDDEN CHARGES  * UNREGISTERED  * LOCAL AP  * 7 SEATER  * 2 POWER DOOR  * POWER BOOT  * PILOT SEATS  * ELECTRONIC MEMORY SEATS  * FULL LEATHER SEATS  * BLACK INTERIOR  * SUNROOF  * TOUCHSCREEN  * REVERSE CAMERA  * ROOF MONITOR  * AUTO-CRUISE CONTROL  * MULTIFUNCTION STEERING  * 3 LED HEADLAMP  * DIGITAL INNER MIRROR (DIM)  * PRE-CRASH SYSTEM (PCS)  * LANE KEEP ASSIST (LKA)  * KEYLESS ENTRY  * PUSH START  * 18"" ALLOY WHEEL  * ORIGINAL MILEAGE  * RM 227,000 after SST *offer*  * RM 227,000 after SST *offer*  CALL - 017-225 3605 RAY  CALL - 017-225 3605 RAY  APPRECIATE & THANKS FOR VIEWING :)"
8/19/2023,2 TONE interior 2021 Toyota Harrier 2.0 Z JBL 4cam DIM BsM Special DeaL UNreg,Dealer,229000,Toyota,Harrier,2.0 Z,Recond,2021,Automatic,2.0L,SUV,Kuala Lumpur,5 Years Warranty,"20,000 - 24,999 km",Metallic,Black,"2 TONE interior 2021 Toyota Harrier 2.0 Z JBL 4cam DIM BsM Special DeaL UNreg  2021 TOYOTA HARRIER 2.0 Z Ã¢Â€Â‹  Ã¢Â€Â‹  * RM 229,000 after SST *offer*Ã¢Â€Â‹  * RM 229,000 after SST *offer*Ã¢Â€Â‹  Ã¢Â€Â‹  * FREE 5 YEARS WARRANTY (OPEN SERVICE)  * FREE 1ST SERVICE  * FREE POLISH AND WAX  * FREE TOUCH UP  * ACCIDENT FREE  * NO HIDDEN CHARGES  Ã¢Â€Â‹  * UNREGISTEREDÃ¢Â€Â‹  * LOCAL APÃ¢Â€Â‹  * JAPAN SPECÃ¢Â€Â‹  * 2.0 DYNAMIC FORCE ENGINEÃ¢Â€Â‹  * NON TURBOCHARGEDÃ¢Â€Â‹  * 2 TONE INTERIORÃ¢Â€Â‹  * SEMI LEATHER SEATSÃ¢Â€Â‹  * FRONT ELECTRONIC SEATSÃ¢Â€Â‹  * REAR AIR-CONDÃ¢Â€Â‹  * POWER BOOTÃ¢Â€Â‹  * JBL SOUND SYSTEMÃ¢Â€Â‹  * JBL MAKER TOUCHSCREENÃ¢Â€Â‹  * SURROUND CAMERA (360 VIEW)  * DIGITAL INNER MIRROR (D.I.M)Ã¢Â€Â‹  * PROJECTOR DUAL LED HEADLAMPÃ¢Â€Â‹  * HEAD UP DISPLAYÃ¢Â€Â‹ (HUD)  * BLIND SPOT ASSISTÃ¢Â€Â‹ (BSM)  * PRE-CRASH SYSTEMÃ¢Â€Â‹ (PCS)  * LANE KEEP ASSISTÃ¢Â€Â‹ (LKA)  * KEYLESS ENTRYÃ¢Â€Â‹  * PUSH STARTÃ¢Â€Â‹  * ELECTRONIC PARKING BRAKEÃ¢Â€Â‹  * MULTIFUNCTION STEERINGÃ¢Â€Â‹  * 19"" ALLOY WHEELÃ¢Â€Â‹  * ORIGINAL MILEAGE Ã¢Â€Â‹  Ã¢Â€Â‹  * RM 229,000 after SST *offer*Ã¢Â€Â‹  * RM 229,000 after SST *offer*Ã¢Â€Â‹  Ã¢Â€Â‹  PLS CALL - 017-225 3605 RAYÃ¢Â€Â‹  PLS CALL - 017-225 3605 RAYÃ¢Â€Â‹  Ã¢Â€Â‹  APPRECIATE & THANKS FOR VIEWING :)"
8/18/2023,2011 Kia Forte 1.6 (A),Dealer,23800,Kia,Forte,1.6,Used,2011,Automatic,1.6L,Sedan,Melaka,No Warranty,"80,000 - 84,999 km",Metallic,White,"2011 Kia Forte 1.6 (A)  YEAR 2011-NAZA Kia Forte 1.6cc Auto Full Spec  Contact & WhatsApp Us At:  Ivan		: 0111-666 9292	www.wasap.my/6    Show Phone Number   2  Mr Ho		: 016-771 1818		www.wasap.my/6    Show Phone Number   Mr Hong	: 012-612 2603		www.wasap.my/6    Show Phone Number   Mr Shaun	: 011-1077 5795	www.wasap.my/6    Show Phone Number   5  VEHICLE Info :-  -Year 2011 / 1 Owner / Mileage : 83,xxx KM  -1.6cc Auto Petrol / Gear   ENgine Perfect  -Air-Conditioner Good   Back Sensor   Reverse Camera  -Radio Player Multi Function Android   Fully Skirting  -Car In Good Condition & Safe To Use  FACEBOOK : PERNIAGAAN MOTOR KLEBANG  Perniagaan Motor Klebang  Address: No.5777-C, Jalan Klebang Kecil, Limbongan, 75200 Melaka.  Operation Day: Mon-Sat  Operation Time: 9:00am - 5:30pm  Hotline : 0111-666 9292 / www.wasap.my/6    Show Phone Number   2  MAP LOCATION : https://www.google.com/maps/place/Perniagaan Motor Klebang, Jalan Tengkera, Kampung Limbongan, 75200 Klebang, Malacca/@2.2054266,102.2199833,16z/data=!4m2!3m1!1s0x31d1f1ae238c4a73:0xabf4a2644326fab7?hl=en&source=lmns  CARELINE 24 Hour Service :-ÃƒÂƒÃ‚Â‚ÃƒÂ‚Ã‚Â 0111-666 9292  WhatsApp: www.wasap.my/6    Show Phone Number   2  We care For You.  Building History Info  https://m.facebook.com/story.php?story_fbid=71822    Show Phone Number   &id=167471630512551  * We Can Arrange Bank Loan  @@@  Fast loan Approval  @@@  ***DOCUMENT FOR APPLY LOAN ***  1. My Card (NRIC) & Driving License  2. Latest 3 months Pay Slip3  3. Latest 3 Month Bank Statement  4. Latest EPF Statement ( K.W.S.P )  5. Tax Payment Bill Statement  ***DOCUMENT FOR LOAN-Company SDN BHD***  1. (SOLE PROPRIETOR) Company SSM Registration Set  2. (SDN BHD COMPANY) Document Set (Borang 9, 49)  3. Latest 6 Month Company Bank Statement  4. Company Resolution  5. DirectorÃƒÂƒÃ‚Â¢ÃƒÂ‚Ã‚Â€ÃƒÂ‚Ã‚Â™s I/C  6. Driving License  7. Director Tax Payment Statement  @WE ARE USE CAR DEALER@"
8/18/2023,Full Spec 2022 Toyota Harrier 2.0 Z Magic roof 4cam JBL BSM DIM UNREG Special deal,Dealer,243000,Toyota,Harrier,2.0 Z,Recond,2022,Automatic,2.0L,SUV,Kuala Lumpur,5 Years Warranty,"10,000 - 14,999 km",Metallic,Black,"Full Spec 2022 Toyota Harrier 2.0 Z Magic roof 4cam JBL BSM DIM UNREG Special deal  2022 TOYOTA HARRIER 2.0 Z Ã¢Â€Â‹  Ã¢Â€Â‹  * RM 243,000 after SST *offer*Ã¢Â€Â‹  * RM 243,000 after SST *offer*Ã¢Â€Â‹  Ã¢Â€Â‹  * FREE 5 YEARS WARRANTY (OPEN SERVICE)  * FREE 1ST SERVICE  * FREE POLISH AND WAX  * FREE TOUCH UP  * ACCIDENT FREE  * NO HIDDEN CHARGES  Ã¢Â€Â‹  * UNREGISTEREDÃ¢Â€Â‹  * LOCAL APÃ¢Â€Â‹  * JAPAN SPECÃ¢Â€Â‹  * 2.0 DYNAMIC FORCE ENGINEÃ¢Â€Â‹  * NON TURBOCHARGEDÃ¢Â€Â‹  * BLACK INTERIORÃ¢Â€Â‹  * SEMI LEATHER SEATSÃ¢Â€Â‹  * FRONT ELECTRONIC SEATSÃ¢Â€Â‹  * REAR AIR-CONDÃ¢Â€Â‹  * POWER BOOTÃ¢Â€Â‹  * PANORAMIC ROOF  * JBL SOUND SYSTEMÃ¢Â€Â‹  * JBL MAKER TOUCHSCREENÃ¢Â€Â‹  * SURROUND CAMERA (360 VIEW)  * DIGITAL INNER MIRROR (D.I.M)Ã¢Â€Â‹  * PROJECTOR DUAL LED HEADLAMPÃ¢Â€Â‹  * HEAD UP DISPLAYÃ¢Â€Â‹ (HUD)  * BLIND SPOT ASSISTÃ¢Â€Â‹ (BSM)  * PRE-CRASH SYSTEMÃ¢Â€Â‹ (PCS)  * LANE KEEP ASSISTÃ¢Â€Â‹ (LKA)  * WIRELESS CHARGING PORT  * KEYLESS ENTRYÃ¢Â€Â‹  * PUSH STARTÃ¢Â€Â‹  * ELECTRONIC PARKING BRAKEÃ¢Â€Â‹  * MULTIFUNCTION STEERINGÃ¢Â€Â‹  * 19"" ALLOY WHEELÃ¢Â€Â‹  * ORIGINAL MILEAGE Ã¢Â€Â‹  Ã¢Â€Â‹  * RM 243,000 after SST *offer*Ã¢Â€Â‹  * RM 243,000 after SST *offer*Ã¢Â€Â‹  Ã¢Â€Â‹  PLS CALL - 017-225 3605 RAYÃ¢Â€Â‹  PLS CALL - 017-225 3605 RAYÃ¢Â€Â‹  Ã¢Â€Â‹  APPRECIATE & THANKS FOR VIEWING :)"
8/18/2023,2017 Mercedes-Benz GLC-Class Coupe GLC 250 4Matic AMG Line,Dealer,239800,Mercedes-Benz,GLC-Class Coupe,GLC 250 4Matic AMG Line,Used,2017,Automatic,2.0L,SUV,Kuala Lumpur,No Warranty,"95,000 - 99,999 km",Metallic,Red / Orange,"2017 Mercedes-Benz GLC-Class Coupe GLC 250 4Matic AMG Line  2017 MERCEDES-BENZ GLC250 COUPE 4MATIC AMG  ÃƒÂƒÃ‚Â¢ÃƒÂ‚Ã‚ÂœÃƒÂ‚Ã‚Â…YEAR MAKE 2017  ÃƒÂƒÃ‚Â¢ÃƒÂ‚Ã‚ÂœÃƒÂ‚Ã‚Â…LOCAL CBU UNIT MERCEDES MALAYSIA  ÃƒÂƒÃ‚Â¢ÃƒÂ‚Ã‚ÂœÃƒÂ‚Ã‚Â…FULL SERVICE RECORD UNDER MERCEDES  ÃƒÂƒÃ‚Â¢ÃƒÂ‚Ã‚ÂœÃƒÂ‚Ã‚Â…ONE LADY OWNER & WELL MAINTAINED  2.0L TURBOCHARGED INLINE 4  211 HORSEPOWER @ 5,500 RPM  350 NM TORQUE @ 1,200 RPM  9G-TRONIC TRANSMISSION  ALL WHEEL DRIVE  SPECIFICATIONS:  20ÃƒÂƒÃ‚Â¢ÃƒÂ‚Ã‚Â€ÃƒÂ‚Ã‚Â ALLOY WHEELS  AMG SPORT SUSPENSION  360 SURROUND CAMERA  SUNROOF  ADAPTIVE LED PROJECTORS HEADLAMPS  LED COMBINATION TAILLAMPS  LED DAYTIME RUNNING LIGHT  AUTO HEADLAMPS / AUTO WIPERS  ELECTRIC MEMORY SEAT  KEYLESS PUSH START  PASSIVE CRUISE CONTROL  COLLISION PREVENTION ASSIST PLUS  590WATT BURMESTER SOUND SYSTEM  AMBIENT LIGHT  REAR DOOR WINDOW SHADES  PADDLE SHIFT  POWERED BOOT  AND MANY EXTRAÃƒÂƒÃ‚Â¢ÃƒÂ‚Ã‚Â€ÃƒÂ‚Ã‚Â¦  KINDLY CONTACT FOR MORE INFORMATION OR MAKE APPOINTMENT FOR VIEW CAR.  TQ.  KS    Show Phone Number   DASMOND    Show Phone Number   ALEX    Show Phone Number   HAEKIE    Show Phone Number   VAKAKA AUTO SDN BHD  LOT 57572, JALAN SHAMELIN NIAGA 1, TAMAN SHAMELIN PERKASA, 56100 KUALA LUMPUR"
9/17/2023,"40 UNIT VOXY X ZS KIRAMIKI 2 GR SPORT, UNREG 2018 YEAR Toyota Voxy 2.0 ZS Kirameki, ALPINE PLAYER",Dealer,145000,Toyota,Voxy,2.0 ZS Kirameki,Recond,2018,Automatic,2.0L,MPV,Kuala Lumpur,1 Year Warranty,"15,000 - 19,999 km",Metallic,Black,"40 UNIT VOXY X ZS KIRAMIKI 2 GR SPORT, UNREG 2018 YEAR Toyota Voxy 2.0 ZS Kirameki, ALPINE PLAYER  STOCK 3486  CONTACT :    Show Phone Number   Ms  NEW STOCK!!!  UNREGISTER 2018 (LOCAL AP)  TOYOTA VOXY 2.0 ZS KIRAMEKI 2  Car Specification :  * Black Colour Exterior  * Black Colour Interior  * 7 Seater  * ALPINE Player  * Rear Digital Aircond Control Panel  * 2 Power Door  * Pre-crash Safety brake Sensor  * Lane Keeping Assist  * Auto Hold  * Eco Mode  * Multi-function Steering  * Daytime Running Light  * Fog Lamp  * Sport Rims  We Check , We Services , We Test , Before We Sell.  Required Documents:  INDIVIDUAL :IC / DRIVE LESEN / 3 MONTHS PAYSLIP / 3 MONTHS BANK STATEMENT / EPF / INCOME TAX 2022 YEAR  COMPANY :DIRECTOR IC / DIRECTOR DRIVE LESEN / COMPANY SSM / 6 MONTHS COMPANY BANK STATEMENT/ INCOME TAX 2022 YEAR"
8/18/2023,2012 Volkswagen Tiguan 2.0 TSI,Dealer,35800,Volkswagen,Tiguan,2.0 TSI,Used,2012,Automatic,2.0L,SUV,Kuala Lumpur,No Warranty,"95,000 - 99,999 km",Metallic,Brown,"2012 Volkswagen Tiguan 2.0 TSI  2012 VOLKSWAGEN TIGUAN 2.0 TSI  Ã¢ÂœÂ… YEAR MANUFACTURED 2012  Ã¢ÂœÂ… LOCAL CBU UNIT VOLKSWAGEN MALAYSIA  Ã¢ÂœÂ… MILEAGE 11XXXXKM ONLY  Ã¢ÂœÂ… WELL MAINTAINED & GOOD CONDITION  2.0L TURBOCHARGED INLINE4  208HORSEPOWER @ 5,300RPM  280NM TORQUE @ 1,700RPM  7-SPEED DSG TRANSMISSION  ALL WHEEL DRIVE  SPECIFICATIONS:  17Ã¢Â€Â ALLOY WHEELS  BI-XENON DIRECTIONAL PROJECTOR HEADLAMPS  LED DAYTIME RUNNING LIGHTS  FOLDING WING MIRROR  AUTO HEADLAMP  AUTO WIPER  PADDLE SHIFT  MULTIFUNCTION STEERING WHEEL  DUAL-ZONE AUTOMATIC CLIMATE CONTROL  ELECTRIC DRIVER SEAT  REVERSE CAMERA  BLUETOOTH CONNECTION  AND MANY EXTRAÃ¢Â€Â¦  KINDLY CONTACT FOR MORE INFORMATION OR MAKE APPOINTMENT TO VIEW CAR.  TQ.  HAEKIE    Show Phone Number   ALEX    Show Phone Number   KS    Show Phone Number   DASMOND    Show Phone Number   VAKAKA AUTO SDN BHD  LOT 57572, JALAN SHAMELIN NIAGA 1, SHAMELIN HEIGHTS BUSINESS PARK,TAMAN SHAMELIN PERKASA, 56100 KUALA LUMPUR  RM35,800"
8/18/2023,2023 Honda City FACELIFT OFFER,Dealer,84900,Honda,City,1.5,New,2023,Automatic,1.5L,Sedan,Kuala Lumpur,5 Years Warranty,,,,"2023 Honda City FACELIFT OFFER  NEW CITY SEDAN FACELIFTED OFFER  STD FEATURES:  HONDA SENSING ,1.5 DOHC I-VTEC  8' HD TOUCH PLAYER WITH  ANDROID AUTO ,APPLE CARPLAY*  6 AIRBAGS, PADDLE SHIFT, USB TYPE C PORT  V : REAR DISC BRAKE, 16 RIMS ,8 SPEAKERS,HONDA LANE WATCH ,LEATHER SEAT  RS: RS KITS, BLACK ROOF WIRELESS CARPLAY,ANDRIOD AUTO,HONDA CONNECT  (STANDARD HONDA 5X FREE LABOURS 5 YEARS WARRANTY )  S: 84,900 E: 89,900 V: 94,900 RS: 99,900 RS E:HEV : 111,900  COLOR: LUNAR SILVER, BLACK PEARL , WHITE PEARL, METEROID GRAY , IGNITE RED  OFFER: RM3XXX ACCESSORIES PACKAGE  FREE RAYTECH SECURITY TINT  + RHADIUM COATING WITH FREE MAINTEINANCE  FREE TRUNK TRAY  FREE DOOR VISOR  FREE USB TYPE C CABLE  FREE HONDA UMBRELLA  READY STOCK WITH FAST DELIVERY  LOW INT RATE , FULL LOAN AVAILABLE TEST DRIVE AVAILABLE HTTPS://WA.ME/6    Show Phone Number   PLEASE WHATAPPS    Show Phone Number   FOR MORE INFO"
8/17/2023,2019 Renault Captur 1.2 TCe 120 SUV,Direct Owner,67000,Renault,Captur,1.2 Turbo,Used,2019,Automatic,1.2L,SUV,Selangor,1 Year Warranty,"50,000 - 54,999 km",Solid,Blue / Purple,2019 Renault Captur 1.2 TCe 120 SUV  A personal car without defects  All services are done on time at the Petaling Jaya service centre  Low mileage  Accidents free  5-year warranty with 1 year remaining
8/17/2023,2019 Lexus NX 300 F-SPORT *SUNROOF * TWO TONE RED AND BLACK INTERIOR * FULL BODYKIT - PROMOTION -,Dealer,205888,Lexus,NX,300,Recond,2019,Automatic,2.0L,SUV,Selangor,5 Years Warranty,"25,000 - 29,999 km",Metallic,White,"2019 Lexus NX 300 F-SPORT *SUNROOF * TWO TONE RED AND BLACK INTERIOR * FULL BODYKIT - PROMOTION -  LEXUS NX300 F-SPORT  - YEAR MADE 2019  - UNREGISTERED  SPECIFICATION  - SUNROOF  - KEYLESS ENTRY  - PUSH START BUTTON  - MULTI-FUNCTION STEERING  - PADDLE SHIFT  - AIRCOND SEAT  - FULL LEATHER SEAT  - ELECTRIC SEAT WITH MEMORY CONTROL  - TWO TONE RED AND BLACK INTERIOR  - SPORT PLUS MODE  - 18"" SPORT RIMS  - POWER BOOT  - BLIND SPOT ASSIST (BSM)  - LANE DEPARTURE ALERT (LDA)  - PRE COLLISION SAFETY SYSTEM (PCS)  - FULL BODYKIT  - PARKING DISTANCE CONTROL WITH SIDE AND REVERSE CAMERA  - AND MANY MORE EXTRA FEATURES...  * Estimate Selling Price Rm205,888  (For Duty Free Zone Langkawi, Labuan, Government Purchase and Embassy in Malaysia)**T&C  ** Now Promotion Selling Price Rm215,800  (Included sst duty tax)  Our Imported cars are :  - Inspected with HIGH GRADE Quality.  - Prepared in accordance with HIGH STANDARDS.  - 100% GUARANTEE After Sales Service Provided.  VIEW TO APPRECIATE!!!  * Trusted Car Dealer in Malaysia  * View to Believe  * Recond LEXUS NX300 For Sale  * Call to Find Out More About The Car  ***MANY MORE RECOND LEXUS NX SUV ARE AVAILABLE TO CHOOSE***  WE PROVIDE :  ~ JPJ SERVICES  ~ LOAN ARRANGEMENT SERVICES  ~ HIGH AND FAST LOAN APPROVAL  ~ ACCEPT HIGH TRADE IN  ~ EXTENDED WARRANTY  .  Welcome Visit WEBSITE  *** www.AnekaAuto.com ***  { VIEW BY APPOINTMENT }  .  WHATSAPP or CALL NOW for more info & APPOINTMENT @ 016-298 9933 SALES TEAM  .  WHATSAPP or CALL NOW for more info & APPOINTMENT @ 016-298 9933 RECOND CAR SALES TEAM  .  WHATSAPP or CALL NOW for more info & APPOINTMENT @ 016-298 9933 RECOND LEXUS NX300 SALES AGENT  .  { VIEW BY APPOINTMENT }  .  .  (00206500C1500AUDJ)"
8/17/2023,2008 Nissan Frontier 2.5 Diesel 4x4 (M),Dealer,18800,Nissan,Frontier,2.5 Diesel 4x4 (M),Used,2008,Manual,2.5L,Pickup,Melaka,No Warranty,"150,000 - 159,999 km",Metallic,Grey / Silver,"2008 Nissan Frontier 2.5 Diesel 4x4 (M)  YEAR 2008-NISSAN Frontier 2.5 (M) 4WD DIESEL Turbo  Direct OWner  Contact & WhatsApp Us At:  Ivan		: 0111-666 9292	www.wasap.my/6    Show Phone Number   2  VEHICLE Info :-  -Year 2008 / DIRECT OWNER Owner  -2.5CC (M) DIESEL Turbo 4WD  -Gear + Engine Good  -Air-Conditioner + Power Window + Radio Good + Alarm  -Car In Good Condition & Safe To Use  FACEBOOK : PERNIAGAAN MOTOR KLEBANG  Perniagaan Motor Klebang  Address: No.5777-C, Jalan Klebang Kecil, Limbongan, 75200 Melaka.  Operation Day: Mon-Sat  Operation Time: 9:00am - 5:30pm  Hotline : 0111-666 9292 / www.wasap.my/6    Show Phone Number   2  MAP LOCATION : https://www.google.com/maps/place/Perniagaan+Motor+Klebang,+Jalan+Tengkera,+Kampung+Limbongan,+75200+Klebang,+Malacca/@2.2054266,102.2199833,16z/data=!4m2!3m1!1s0x31d1f1ae238c4a73:0xabf4a2644326fab7?hl=en&source=lmns  CARELINE 24 Hour Service :-Ã‚Â 0111-666 9292  WhatsApp: www.wasap.my/6    Show Phone Number   2  We care For You.  Building History Info  https://m.facebook.com/story.php?story_fbid=71822    Show Phone Number   &id=167471630512551  @WE ARE USE CAR DEALER@"
8/17/2023,2016 Mercedes-Benz C-Class C200 Avantgarde ( W205 ),Dealer,124800,Mercedes-Benz,C-Class,C200 Avantgarde,Used,2016,Automatic,2.0L,Sedan,Kuala Lumpur,1 Year Warranty,"40,000 - 44,999 km",Metallic,Grey / Silver,"2016 Mercedes-Benz C-Class C200 Avantgarde ( W205 )  Mercedes Benz C200 Avantgarde  Year make 2016  Year Registered 2016 April  Bought from Mercedes benz Malaysia  Full service record from Mercedes Malaysia  Genuine mileage 45948 Km  One lady owner  Well maintained  Accident free  Seldom drive ( Used for neaby house only )  Overall condition 90 /100  Exterior - No need touch up  Interior - Clean interior, no smoke smell n good condition  Engine - Running in good condition  Gear - Running in good condition  Suspection - Running in condition  Aircon - Running in good condition  Tyre condition - 80% Condition  Buy and drive ... No need to repair  NOT FLOOD VEHICLE  NOT SINGAPORE VEHICLE  NOT INSURANCE CLAIM VEHICLE  NOT ACCIDENT VEHICLE  Direct Owner  -  Selling price RM 124, 800 ( NEGO )  -  -  If you have any enquiries, please feel free to contact me.  Ã¢Â˜ÂŽÃ¯Â¸Â Ã¢Â˜ÂŽÃ¯Â¸Â Ã¢Â˜ÂŽÃ¯Â¸Â  Billy Yap    Show Phone Number   Billy Yap    Show Phone Number   Billy Yap    Show Phone Number   Thank you Ã°ÂŸÂ˜ÂŠ"
8/17/2023,2020 Toyota Harrier 2.0 Elegance WHITE cheapest deal offer UNREG,Dealer,156000,Toyota,Harrier,2.0 Elegance,Recond,2020,Automatic,2.0L,SUV,Kuala Lumpur,5 Years Warranty,"35,000 - 39,999 km",Metallic,White,"2020 Toyota Harrier 2.0 Elegance WHITE cheapest deal offer UNREG  2020 TOYOTA HARRIER 2.0 ELEGANCE  * RM 156,000 after SST *offer*  * RM 156,000 after SST *offer*  * FREE 5 YEARS WARRANTY (OPEN SERVICE)  * FREE 1ST SERVICE  * FREE POLISH AND WAX  * FREE TOUCH UP  * ACCIDENT FREE  * NO HIDDEN CHARGES  * UNREGISTERED  * LOCAL AP  * JAPAN SPEC  * 2.0 ELEGANCE FACELIFT  * NON TURBOCHARGED  * BLACK INTERIOR  * SEMI LEATHER SEATS  * DRIVER ELECTRONIC SEAT  * RECLINABLE BACK SEAT  * REAR AIR-COND  * TOUCHSCREEN  * REVERSE CAMERA  * PRE-CRASH SYSTEM  * LANE KEEP ASSIST  * KEYLESS ENTRY  * PUSH START  * ELECTRONIC PARKING BRAKE  * MULTIFUNCTION STEERING  * 17"" ALLOY WHEEL  * ORIGINAL MILEAGE  * RM 156,000 after SST *offer*  * RM 156,000 after SST *offer*  PLS CALL - 017-225 3605 RAY  PLS CALL - 017-225 3605 RAY  APPRECIATE & THANKS FOR VIEWING :)"
8/17/2023,OFFER 2021 Toyota Harrier 2.0 G RED CHILI DIM SPECIAL DEAL UNREG,Dealer,208000,Toyota,Harrier,2.0 G,Recond,2021,Automatic,2.0L,SUV,Kuala Lumpur,5 Years Warranty,"20,000 - 24,999 km",Metallic,Red / Orange,"OFFER 2021 Toyota Harrier 2.0 G RED CHILI DIM SPECIAL DEAL UNREG  2021 TOYOTA HARRIER 2.0 G  Ã¢Â€Â‹  * RM 208,000 after SST *offer*Ã¢Â€Â‹  * RM 208,000 after SST *offer*Ã¢Â€Â‹  Ã¢Â€Â‹  * FREE 5 YEARS WARRANTY (OPEN SERVICE)  * FREE 1ST SERVICE  * FREE POLISH AND WAX  * FREE TOUCH UP  * ACCIDENT FREE  * NO HIDDEN CHARGESÃ¢Â€Â‹  Ã¢Â€Â‹  * UNREGISTEREDÃ¢Â€Â‹  * LOCAL APÃ¢Â€Â‹  * JAPAN SPECÃ¢Â€Â‹  * 2.0 DYNAMIC FORCE ENGINEÃ¢Â€Â‹  * NON TURBOCHARGEDÃ¢Â€Â‹  * BLACK INTERIORÃ¢Â€Â‹  * SEMI LEATHER SEATSÃ¢Â€Â‹ (GREY)  * FRONT ELECTRONIC SEAT  * WOOD TRIM INTERIOR  * REAR AIR-CONDÃ¢Â€Â‹  * POWER BOOTÃ¢Â€Â‹  * AUDIO DISPLAY (ANDROID/APPLE CAR PLAY)  * REVERSE CAMERA  * DIGITAL INNER MIRROR (D.I.M)Ã¢Â€Â‹  * PROJECTOR DUAL LED HEADLAMPÃ¢Â€Â‹  * PRE-CRASH SYSTEMÃ¢Â€Â‹ (PCS)  * LANE KEEP ASSISTÃ¢Â€Â‹ (LKA)  * KEYLESS ENTRYÃ¢Â€Â‹  * PUSH STARTÃ¢Â€Â‹  * ELECTRONIC PARKING BRAKEÃ¢Â€Â‹  * MULTIFUNCTION STEERINGÃ¢Â€Â‹  * 18"" ALLOY WHEELÃ¢Â€Â‹  * ORIGINAL MILEAGE  Ã¢Â€Â‹  * RM 208,000 after SST *offer*Ã¢Â€Â‹  * RM 208,000 after SST *offer*Ã¢Â€Â‹  Ã¢Â€Â‹  PLS CALL - 017-225 3605 RAYÃ¢Â€Â‹  PLS CALL - 017-225 3605 RAYÃ¢Â€Â‹  Ã¢Â€Â‹  APPRECIATE & THANKS FOR VIEWING :)"
8/17/2023,6K MILEAGE 2018 Toyota Vellfire 2.5 ZG 2 LED CHEAPEST LOW MILEAGE OFFER UNREG,Dealer,228000,Toyota,Vellfire,ZG,Recond,2018,Automatic,2.5L,MPV,Kuala Lumpur,5 Years Warranty,"5,000 - 9,999 km",Metallic,Black,"6K MILEAGE 2018 Toyota Vellfire 2.5 ZG 2 LED CHEAPEST LOW MILEAGE OFFER UNREG  2018 TOYOTA VELLFIRE 2.5 ZG  * RM 228,000 after SST *offer*  * RM 228,000 after SST *offer*  * FREE 5 YEARS WARRANTY (OPEN SERVICE)  * FREE 1ST SERVICE  * FREE POLISH AND WAX  * FREE TOUCH UP  * ACCIDENT FREE  * NO HIDDEN CHARGES  * UNREGISTERED  * LOCAL AP  * 7 SEATER  * 2 POWER DOOR  * POWER BOOT  * PILOT SEATS  * ELECTRONIC MEMORY SEATS  * FULL LEATHER SEATS  * BLACK INTERIOR  * TOUCHSCREEN  * REVERSE CAMERA  * AUTO-CRUISE CONTROL  * MULTIFUNCTION STEERING  * 2 LED HEADLAMP  * PRE-CRASH SYSTEM (PCS)  * LANE KEEP ASSIST (LKA)  * KEYLESS ENTRY  * PUSH START  * 18"" ALLOY WHEEL  * ORIGINAL MILEAGE  * RM 228,000 after SST *offer*  * RM 228,000 after SST *offer*  CALL - 017-225 3605 RAY  CALL - 017-225 3605 RAY  APPRECIATE & THANKS FOR VIEWING :)"
8/17/2023,2014 Toyota Harrier 2.0 Premium (PANORAMIC SUNROOF 4CAM POWER BOOT),Dealer,109800,Toyota,Harrier,2.0 Premium,Used,2014,Automatic,2.0L,SUV,Kuala Lumpur,No Warranty,"85,000 - 89,999 km",Metallic,Black,"2014 Toyota Harrier 2.0 Premium (PANORAMIC SUNROOF 4CAM POWER BOOT)  2014 TOYOTA HARRIER 2.0  ÃƒÂƒÃ‚ÂƒÃƒÂ‚Ã‚Â¢ÃƒÂƒÃ‚Â‚ÃƒÂ‚Ã‚ÂœÃƒÂƒÃ‚Â‚ÃƒÂ‚Ã‚Â…YEAR MANUFACTURED 2014  ÃƒÂƒÃ‚ÂƒÃƒÂ‚Ã‚Â¢ÃƒÂƒÃ‚Â‚ÃƒÂ‚Ã‚ÂœÃƒÂƒÃ‚Â‚ÃƒÂ‚Ã‚Â…YEAR REGISTERED 2020  ÃƒÂƒÃ‚ÂƒÃƒÂ‚Ã‚Â¢ÃƒÂƒÃ‚Â‚ÃƒÂ‚Ã‚ÂœÃƒÂƒÃ‚Â‚ÃƒÂ‚Ã‚Â…GENUINE MILEAGE 9XXXXKM ONLY  ÃƒÂƒÃ‚ÂƒÃƒÂ‚Ã‚Â¢ÃƒÂƒÃ‚Â‚ÃƒÂ‚Ã‚ÂœÃƒÂƒÃ‚Â‚ÃƒÂ‚Ã‚Â…UPGRADED 360 SURROUND CAMERA  ÃƒÂƒÃ‚ÂƒÃƒÂ‚Ã‚Â¢ÃƒÂƒÃ‚Â‚ÃƒÂ‚Ã‚ÂœÃƒÂƒÃ‚Â‚ÃƒÂ‚Ã‚Â…UPGRADED POWERED BOOT  ÃƒÂƒÃ‚ÂƒÃƒÂ‚Ã‚Â¢ÃƒÂƒÃ‚Â‚ÃƒÂ‚Ã‚ÂœÃƒÂƒÃ‚Â‚ÃƒÂ‚Ã‚Â…UPGRADED 19INCH SPORT RIMS  2.0L NATURALLY ASPIRATED  INLINE 4  151HORSEPOWER @ 6,100RPM  193NM TORQUE @ 3,800RPM  Super CVT-i Automatic TRANSMISSION  FRONT WHEEL DRIVE  SPECIFICATIONS:  LED PROJECTORS WITH AUTO HIGH BEAM HEADLAMPS  LED COMBINATION TAILLAMPS  LED DAYTIME RUNNING LIGHTS  AUTO HEADLAMPS  AUTO START STOP  SEMI LEATHER SEAT  ELECTRIC DRIVER SEAT  PANORAMIC SUNROOF  ECO / POWER MODE  HILL START ASSIST  DUAL-ZONE AUTOMATIC CLIMATE CONTROL  KEYLESS PUSH START  BLUETOOTH CONNECTION  REVERSE CAMERA  AND MANY EXTRAÃƒÂƒÃ‚ÂƒÃƒÂ‚Ã‚Â¢ÃƒÂƒÃ‚Â‚ÃƒÂ‚Ã‚Â€ÃƒÂƒÃ‚Â‚ÃƒÂ‚Ã‚Â¦  KINDLY CONTACT FOR MORE INFORMATION OR MAKE APPOINTMENT TO VIEW CAR.  TQ.  KS    Show Phone Number   DASMOND    Show Phone Number   HAEKIE    Show Phone Number   ALEX    Show Phone Number   VAKAKA AUTO SDN BHD  LOT 57572, JALAN SHAMELIN NIAGA 1, SHAMELIN HEIGHTS BUSINESS PARK,TAMAN SHAMELIN PERKASA, 56100 KUALA LUMPUR  RM118,800"
9/17/2023,"40 UNIT VOXY X ZS KIRAMIKI 2 GR SPORT,UNREG 2019 YEAR Toyota Voxy 2.0 ZS Kirameki 2, 7 SEATER",Dealer,151000,Toyota,Voxy,2.0 ZS Kirameki,Recond,2019,Automatic,2.0L,MPV,Kuala Lumpur,1 Year Warranty,"15,000 - 19,999 km",Metallic,Black,"40 UNIT VOXY X ZS KIRAMIKI 2 GR SPORT,UNREG 2019 YEAR Toyota Voxy 2.0 ZS Kirameki 2, 7 SEATER  STOCK 3397  CONTACT :    Show Phone Number   Ms  NEW STOCK!!!  UNREGISTER 2019 (LOCAL AP)  TOYOTA VOXY 2.0 ZS KIRAMEKI  Car Specification :  * Black Colour Exterior  * Black Colour Interior  * 7 Seater  * Home Theater  * Rear Digital Aircond Control Panel  * 2 Power Door  * Pre-crash Safety brake Sensor  * Lane Keeping Assist  * Auto Hold  * Eco Mode  * Multi-function Steering  * Daytime Running Light  * Fog Lamp  * Sport Rims  We Check , We Services , We Test , Before We Sell.  Required Documents:  INDIVIDUAL : IC / DRIVE LESEN / 3 MONTHS PAYSLIP / 3 MONTHS BANK STATEMENT / EPF / INCOME TAX 2022  COMPANY : DIRECTOR IC / DIRECTOR DRIVE LESEN / COMPANY SSM / 6 MONTHS COMPANY BANK STATEMENT/ INCOME TAX 2022"
8/16/2023,2019 Toyota Vellfire 2.5 Z SPEC - PROMOTION DEAL - (UNREGISTERED),Dealer,193888,Toyota,Vellfire,Z,Recond,2019,Automatic,2.5L,MPV,Selangor,5 Years Warranty,"20,000 - 24,999 km",Metallic,White,"2019 Toyota Vellfire 2.5 Z SPEC - PROMOTION DEAL - (UNREGISTERED)  TOYOTA VELLFIRE 2.5 Z  - YEAR 2019  - UNREGISTERED  SPECIFICATION  - KEYLESS ENTRY  - PUSH START BUTTON  - 2 POWER DOOR  - 7 SEATER  - ECO MODE  - TRACTION CONTROL SYSTEM  - CRUISE CONTROL  - LANE TRACING ASSIST (LTA)  - PRE CRASH SAFETY SYSTEM (PCS)  - 18"" SPORT RIMS  - PARKING DISTANCE CONTROL WITH REVERSE CAMERA  - AND MANY MORE EXTRA FEATURES  * Estimate Selling Price Rm193,888  (For Duty Free Zone Langkawi, Labuan, Government Purchase and Embassy in Malaysia)**T&C  ** Now Promotion Selling Price Rm203,800  (Included sst duty tax)  Our Imported cars are :  - Inspected with HIGH GRADE Quality.  - Prepared in accordance with HIGH STANDARDS.  - 100% GUARANTEE After Sales Service Provided.  VIEW TO APPRECIATE!!!  * Trusted Car Dealer in Malaysia  * View to Believe  * Recond TOYOTA VELLFIRE 2.5 Z EDITION For Sale  * Call to Find Out More About The Car  ***MANY MORE RECOND TOYOTA VELLFIRE ARE AVAILABLE TO CHOOSE***  WE PROVIDE :  ~ JPJ SERVICES  ~ LOAN ARRANGEMENT SERVICES  ~ HIGH AND FAST LOAN APPROVAL  ~ ACCEPT HIGH TRADE IN  ~ EXTENDED WARRANTY  .  Welcome Visit WEBSITE  *** www.AnekaAuto.com ***  .  { VIEW BY APPOINTMENT }  .  WHATSAPP or CALL NOW for more info & APPOINTMENT @ 016-298 9933 SALES TEAM  .  WHATSAPP or CALL NOW for more info & APPOINTMENT @ 016-298 9933 RECOND CAR SALES AGENT  .  WHATSAPP or CALL NOW for more info & APPOINTMENT @ 016-298 9933 RECOND TOYOTA VELLFIRE SALES AGENT  .  { VIEW BY APPOINTMENT }  .  (00791400C0300AMDJ)"
8/16/2023,2019 Toyota Vellfire 2.5 ZG - SUNROOF - DIM - BSM - LTA - PCS - PROMOTION DEAL - (UNREGISTERED),Dealer,238888,Toyota,Vellfire,ZG,Recond,2019,Automatic,2.5L,MPV,Selangor,5 Years Warranty,"25,000 - 29,999 km",Metallic,Black,"2019 Toyota Vellfire 2.5 ZG - SUNROOF - DIM - BSM - LTA - PCS - PROMOTION DEAL - (UNREGISTERED)  TOYOTA VELLFIRE 2.5 ZG  - YEAR 2019  - UNREGISTERED  SPECIFICATION  - SUNROOF  - MOONROOF  - KEYLESS ENTRY  - PUSH START BUTTON  - 2 POWER DOOR  - 7 SEATER  - PILOT SEAT  - FULL LEATHER SEAT  - 3 LED HEADLAMP  - ROOF MONITOR  - POWER BOOT  - DIGITAL INNER MIRROR (DIM)  - BLIND SPOT ASSIST (BSM)  - LANE TRACING ASSIST (LTA)  - PRE CRASH SAFETY SYSTEM (PCS)  - PARKING DISTANCE CONTROL WITH REVERSE CAMERA  - AND MANY MORE EXTRA FEATURES  * Estimate Selling Price Rm238,888  (For Duty Free Zone Langkawi, Labuan, Government Purchase and Embassy in Malaysia)**T&C  ** Now Promotion Selling Price Rm248,800  (Included sst duty tax)  Our Imported cars are :  - Inspected with HIGH GRADE Quality.  - Prepared in accordance with HIGH STANDARDS.  - 100% GUARANTEE After Sales Service Provided.  VIEW TO APPRECIATE!!!  * Trusted Car Dealer in Malaysia  * View to Believe  * Recond TOYOTA VELLFIRE 2.5 ZG For Sale  * Call to Find Out More About The Car  ***MANY MORE RECOND TOYOTA VELLFIRE ARE AVAILABLE TO CHOOSE***  WE PROVIDE :  ~ JPJ SERVICES  ~ LOAN ARRANGEMENT SERVICES  ~ HIGH AND FAST LOAN APPROVAL  ~ ACCEPT HIGH TRADE IN  ~ EXTENDED WARRANTY  .  Welcome Visit WEBSITE  *** www.AnekaAuto.com ***  .  { VIEW BY APPOINTMENT }  .  WHATSAPP or CALL NOW for more info & APPOINTMENT @ 016-298 9933 SALES TEAM  .  WHATSAPP or CALL NOW for more info & APPOINTMENT @ 016-298 9933 RECOND CAR SALES AGENT  .  WHATSAPP or CALL NOW for more info & APPOINTMENT @ 016-298 9933 RECOND TOYOTA VELLFIRE SALES AGENT  .  { VIEW BY APPOINTMENT }  .  (00853500C4800AMDJ)"
8/16/2023,2019 Toyota Noah 2.0 WXB - 8 SEATER - 2 POWER DOOR - SAFETY SENSING -,Dealer,138888,Toyota,Noah,2,Recond,2019,Automatic,2.0L,MPV,Selangor,1 Year Warranty,"30,000 - 34,999 km",Metallic,Black,"2019 Toyota Noah 2.0 WXB - 8 SEATER - 2 POWER DOOR - SAFETY SENSING -  TOYOTA NOAH 2.0 WXB  - YEAR 2019  - UNREGISTERED  ***FACELIFT***  SPECIFICATION  - KEYLESS ENTRY  - PUSH START BUTTON  - 2 POWER DOOR  - 8 SEATER  - SEMI-LEATHER SEAT  - ROOF MONITOR  - REAR DIGITAL AIRCOND CONTROL  - TOYOTA SAFETY SENSING  - LANE KEEP ASSIST (LKA)  - PRE CRASH SAFETY SYSTEM (PCS)  - PARKING DISTANCE CONTROL WITH REVERSE CAMERA  - AND MANY MORE EXTRA FEATURES  * Estimate Selling Price Rm138,888  (For Duty Free Zone Langkawi, Labuan, Government Purchase and Embassy in Malaysia)**T&C  ** Now Promotion Selling Price Rm148,800  (Included sst duty tax)  Our Imported cars are :  - Inspected with HIGH GRADE Quality.  - Prepared in accordance with HIGH STANDARDS.  - 100% GUARANTEE After Sales Service Provided.  VIEW TO APPRECIATE!!!  * Trusted Car Dealer in Malaysia  * View to Believe  * Recond TOYOTA NOAH For Sale  * Call to Find Out More About The Car  ***MANY MORE RECOND TOYOTA NOAH ARE AVAILABLE TO CHOOSE***  WE PROVIDE :  ~ JPJ SERVICES  ~ LOAN ARRANGEMENT SERVICES  ~ HIGH AND FAST LOAN APPROVAL  ~ ACCEPT HIGH TRADE IN  ~ EXTENDED WARRANTY  .  Welcome Visit WEBSITE  *** www.AnekaAuto.com ***  .  { VIEW BY APPOINTMENT }  .  WHATSAPP or CALL NOW for more info & APPOINTMENT @ 016-298 9933 SALES TEAM  .  WHATSAPP or CALL NOW for more info & APPOINTMENT @ 016-298 9933 RECOND CAR SALES AGENT  .  WHATSAPP or CALL NOW for more info & APPOINTMENT @ 016-298 9933 RECOND TOYOTA NOAH SALES AGENT  .  { VIEW BY APPOINTMENT }  .  (00609700B4800STPDTC)"
8/16/2023,2017 Toyota Alphard 2.5 SA Type Black - MODELLISTA BODYKIT - REGISTER YEAR 2019 - CONVERTED FACELIFT,Dealer,193800,Toyota,Alphard,SA Type Black,Used,2017,Automatic,2.5L,MPV,Selangor,1 Year Warranty,"40,000 - 44,999 km",Metallic,Black,2017 Toyota Alphard 2.5 SA Type Black - MODELLISTA BODYKIT - REGISTER YEAR 2019 - CONVERTED FACELIFT  TOYOTA ALPHARD 2.5 SA TYPE BLACK  YEAR MAKE 2017  - REGISTERED YEAR 2019  ** CONVERT FACELIFT **  SPECIFICATION  - KEYLESS ENTRY  - PUSH START BUTTON  - SEMI LEATHER SEAT  - 7 SEATER  - 2 POWER DOOR  - ROOF MONITOR  - POWER BOOT  - PRE CRASH SAFETY SYSTEM (PCS)  - FULL MODELLISTA BODYKIT  - PARKING DISTANCE CONTROL WITH SURROUND CAMERA  - AND MANY MORE EXTRA FEATURES...  * ACCIDENT FREE  * FLOOD FREE  * TIP-TOP ORIGINAL CONDITION  * SUITABLE FOR FAMILY CAR  * VERY POWER FULL ENGINE  * WELL MAINTAIN BY LAST OWNER  * CLEAN INTERIOR  * SMOOTH ENGINE  * SMOOTH GEARBOX  * TRANSMISSION GOOD CONDITION  * SUSPENSION GOOD CONDITION  * VEHICLE IN VERY TIP TOP CONDITION  * NO REPAIR NEEDED  * JUST BUY AND DRIVE  VIEW TO APPRECIATE!!!  * Trusted Car Dealer in Malaysia  * View to Believe  * USED TOYOTA ALPHARD For Sale  * Call to Find Out More About The Car  ***MANY MORE USED TOYOTA ALPHARD ARE AVAILABLE TO CHOOSE***  WE PROVIDE :  ~ JPJ SERVICES  ~ LOAN ARRANGEMENT SERVICES  ~ HIGH AND FAST LOAN APPROVAL  ~ ACCEPT HIGH TRADE IN  ~ EXTENDED WARRANTY  .  Welcome Visit WEBSITE  *** www.AnekaAuto.com ***  .  WHATSAPP or CALL NOW for more info & APPOINTMENT @ 016-298 9933 SALES TEAM  .  WHATSAPP or CALL NOW for more info & APPOINTMENT @ 016-298 9933 EJEN JUAL BELI KERETA TERPAKAI  .  WHATSAPP or CALL NOW for more info & APPOINTMENT @ 016-298 9933 USED TOYOTA ALPHARD SALES AGENT  (00765300B89B9300BBK)
8/16/2023,2019 Toyota Alphard 2.5 X PACKAGE *8 SEATER *2 POWER DOOR *SAFETY SENSING *FACELIFT *PROMOTION DEAL,Dealer,181888,Toyota,Alphard,2.5 X,Recond,2019,Automatic,2.5L,MPV,Selangor,5 Years Warranty,"45,000 - 49,999 km",Metallic,Black,"2019 Toyota Alphard 2.5 X PACKAGE *8 SEATER *2 POWER DOOR *SAFETY SENSING *FACELIFT *PROMOTION DEAL  TOYOTA ALPHARD 2.5 X PACKAGE  - UnRegistered  - Year Made 2019  **NEW FACELIFT**  SPECIFICATION  - KEYLESS ENTRY  - PUSH START BUTTON  - 8 SEATER  - 2 POWER DOOR  - CRUISE CONTROL  - ECO MODE  - TRACTION CONTROL SYSTEM  - LANE TRACING ASSIST (LTA)  - PRE CRASH SAFETY SYSTEM (PCS)  - PARKING DISTANCE CONTROL WITH REVERSE CAMERA  - AND MANY MORE EXTRA FEATURES...  * Estimate Selling Price Rm181,888  (For Duty Free Zone Langkawi, Labuan, Government Purchase and Embassy in Malaysia)**T&C  ** Now Promotion Selling Price Rm191,800  (Included sst duty tax)  Our Imported cars are :  - Inspected with HIGH GRADE Quality.  - Prepared in accordance with HIGH STANDARDS.  - 100% GUARANTEE After Sales Service Provided.  VIEW TO APPRECIATE!!!  * Trusted Car Dealer in Malaysia  * View to Believe  * Recond TOYOTA ALPHARD 2.5 X SPEC 8 SEATER For Sale  * Call to Find Out More About The Car  ***MANY MORE RECOND TOYOTA ALPHARD 2.5 ARE AVAILABLE TO CHOOSE***  WE PROVIDE :  ~ JPJ SERVICES  ~ LOAN ARRANGEMENT SERVICES  ~ HIGH AND FAST LOAN APPROVAL  ~ ACCEPT HIGH TRADE IN  ~ EXTENDED WARRANTY  .  Welcome Visit WEBSITE  *** www.AnekaAuto.com ***  .  { VIEW BY APPOINTMENT }  .  WHATSAPP or CALL NOW for more info & APPOINTMENT @ 016-298 9933 SALES TEAM  .  WHATSAPP or CALL NOW for more info & APPOINTMENT @ 016-298 9933 RECOND CAR SALES AGENT  .  WHATSAPP or CALL NOW for more info & APPOINTMENT @ 016-298 9933 RECOND TOYOTA ALPHARD SALES AGENT  .  { VIEW BY APPOINTMENT }  .  (00686200B9100AUDJ)"
8/16/2023,2018 Toyota Alphard 2.5 SA - ALPINE MONITOR,Dealer,202888,Toyota,Alphard,SA,Recond,2018,Automatic,2.5L,MPV,Selangor,1 Year Warranty,"30,000 - 34,999 km",Metallic,White,"2018 Toyota Alphard 2.5 SA - ALPINE MONITOR  TOYOTA ALPHARD 2.5 SA  - YEAR 2018  - UNREGISTERED  SPECIFICATION  - KEYLESS ENTRY  - PUSH START BUTTON  - 2 POWER DOOR  - 7 SEATER  - ALPINE MONITOR  - ALPINE ROOF MONITOR  - LANE TRACING ASSIST (LTA)  - PRE CRASH SAFETY SYSTEM (PCS)  - PARKING DISTANCE CONTROL WITH REVERSE CAMERA  - AND MANY MORE EXTRA FEATURES  * Estimate Selling Price Rm202,888  (For Duty Free Zone Langkawi, Labuan, Government Purchase and Embassy in Malaysia)**T&C  ** Now Promotion Selling Price Rm212,800  (Included sst duty tax)  Our Imported cars are :  - Inspected with HIGH GRADE Quality.  - Prepared in accordance with HIGH STANDARDS.  - 100% GUARANTEE After Sales Service Provided.  VIEW TO APPRECIATE!!!  * Trusted Car Dealer in Malaysia  * View to Believe  * Recond TOYOTA ALPHARD 2.5 SA For Sale  * Call to Find Out More About The Car  ***MANY MORE RECOND TOYOTA ALPHARD ARE AVAILABLE TO CHOOSE***  WE PROVIDE :  ~ JPJ SERVICES  ~ LOAN ARRANGEMENT SERVICES  ~ HIGH AND FAST LOAN APPROVAL  ~ ACCEPT HIGH TRADE IN  ~ EXTENDED WARRANTY  .  Welcome Visit WEBSITE  *** www.AnekaAuto.com ***  .  WHATSAPP or CALL NOW for more info & APPOINTMENT @ 016-298 9933 SALES TEAM  .  WHATSAPP or CALL NOW for more info & APPOINTMENT @ 016-298 9933 RECOND CAR SALES AGENT  .  WHATSAPP or CALL NOW for more info & APPOINTMENT @ 016-298 9933 RECOND TOYOTA ALPHARD SALES AGENT  (00158100C1200BBK)"
8/16/2023,2019 BMW X3 xDrive30i Luxury ** STILL WARRANTY WITH BMW **,Dealer,216800,BMW,X3,xDrive30i,Used,2019,Automatic,2.0L,SUV,Selangor,1 Year Warranty,"75,000 - 79,999 km",Metallic,White,"2019 BMW X3 xDrive30i Luxury ** STILL WARRANTY WITH BMW **  BMW X3 2.0 xDrive30i LUXURY  - USED CAR  - YEAR MAKE 2019  **FULL SERVICE RECORD with BMW  **STILL UNDER WARRANTY with BMW  SPECIFICATION  - KEYLESS ENTRY  - PUSH START BUTTON  - MULTI FUNCTION STEERING  - PADDLE SHIFT  - LEATHER SEAT  - ELECTRIC SEAT CONTROL WITH MEMORY  - BMW I-DRIVE  - BMW COMFORT/SPORT MODE  - TRACTION CONTROL SYSTEM  - POWER BOOT  - 19"" BLACK SPORT RIM  - PARKING DISTANCE CONTROL WITH REVERSE CAMERA  - AND MANY MORE EXTRA FEATURES...  * ACCIDENT FREE  * FLOOD FREE  * TIP-TOP ORIGINAL CONDITION  * WELL MAINTAIN BY LAST OWNER  * CLEAN INTERIOR  * SMOOTH ENGINE  * SMOOTH GEARBOX  * TRANSMISSION GOOD CONDITION  * SUSPENSION GOOD CONDITION  * VEHICLE IN VERY TIP TOP CONDITION  * NO REPAIR NEEDED  * JUST BUY AND DRIVE  VIEW TO APPRECIATE!!!  * Trusted Car Dealer in Malaysia  * View to Believe  * USED BMW X3 For Sale  * Call to Find Out More About The Car  ***MANY MORE USED CAR / KERETA TERPAKAI ARE AVAILABLE TO CHOOSE***  WE PROVIDE :  ~ JPJ SERVICES  ~ ACCEPT HIGH TRADE IN  .  Welcome Visit WEBSITE  *** www.AnekaAuto.com ***  { VIEW BY APPOINTMENT }  .  WHATSAPP or CALL NOW for more info & APPOINTMENT @ 016-298 9933 SALES TEAM  .  WHATSAPP or CALL NOW for more info & APPOINTMENT @ 016-298 9933 EJEN JUAL BELI KERETA TERPAKAI  .  WHATSAPP or CALL NOW for more info & APPOINTMENT @ 016-298 9933 USED BMW X3 SALES AGENT  .  { VIEW BY APPOINTMENT }  (0039900C08C1600BBK)"
